6513;
8251;
609;
8750;
8585;
7352;
4095;
6330;
7060;
9916;
6411;
869;
3356;
8422;
4506;
6928;
2664;
7117;
4258;
4882;
1998;
5491;
5685;
55;
6364;
8637;
8278;
4867;
1344;
2215;
6689;
4994;
6596;
6976;
4508;
9351;
1234;
8010;
2389;
2846;
7784;
4875;
852;
8197;
9796;
7021;
1495;
6674;
6977;
3899;
5068;
9576;
8663;
9756;
9318;
5128;
8933;
231;
7581;
3128;
3958;
8392;
1073;
5287;
5976;
5383;
3935;
6037;
779;
1090;
9078;
5676;
1759;
2052;
4646;
9058;
5008;
1566;
7358;
3149;
697;
8014;
2934;
7956;
7063;
2411;
901;
7755;
6010;
3450;
2002;
1943;
9402;
739;
9513;
8283;
728;
5648;
9347;
9488;
1300;
9077;
9570;
2572;
544;
5795;
3932;
3983;
6955;
3063;
8534;
1854;
9861;
4926;
468;
7443;
634;
4517;
7895;
294;
6770;
2502;
4978;
9021;
1233;
9090;
125;
535;
3864;
8114;
3280;
3294;
2840;
8976;
6635;
4660;
2673;
9736;
6346;
7676;
7238;
4129;
5987;
8259;
8620;
9413;
28;
8323;
7289;
4562;
2853;
8220;
7125;
9860;
4699;
5845;
397;
4267;
7993;
7530;
5024;
4776;
4391;
8573;
9792;
2531;
8629;
2876;
3488;
1859;
8798;
7229;
3453;
2292;
6547;
572;
6242;
8099;
2145;
2893;
3707;
8624;
8536;
4147;
973;
317;
7941;
8967;
7065;
8805;
5038;
7940;
2181;
9493;
2403;
8034;
500;
2905;
9836;
5455;
7067;
5586;
463;
8760;
2417;
1546;
9491;
5662;
7158;
8183;
1857;
2069;
2025;
1157;
4236;
6983;
3234;
6992;
4133;
7198;
9840;
3324;
6288;
7206;
2323;
9900;
3748;
6852;
6195;
6417;
9938;
7356;
1569;
5492;
9390;
1600;
9310;
9274;
7097;
3616;
4100;
4273;
1258;
5644;
5693;
38;
9139;
932;
998;
533;
3140;
413;
4518;
8128;
2124;
7015;
4756;
5574;
9223;
4312;
3030;
1953;
9266;
1867;
3637;
4490;
6995;
4982;
5921;
6286;
7035;
2221;
7766;
8873;
395;
2313;
8929;
4695;
6234;
9675;
8383;
7377;
1441;
9467;
3552;
6586;
1558;
990;
9142;
2560;
7090;
6663;
2877;
8851;
1941;
5362;
5081;
6628;
3524;
5331;
6336;
4701;
4200;
3636;
6452;
7745;
3541;
6464;
7364;
3178;
5757;
4657;
3641;
7638;
7907;
5883;
2218;
8498;
7489;
4870;
4710;
1595;
2147;
4368;
3436;
6778;
4398;
3379;
6160;
7455;
9782;
4686;
8418;
6917;
481;
1528;
9811;
5714;
5007;
8320;
7502;
7146;
4172;
4585;
4733;
7802;
562;
4415;
571;
6738;
6088;
7328;
3914;
2236;
3532;
2080;
8523;
2206;
9280;
93;
6630;
9042;
545;
9803;
5790;
8837;
2101;
1096;
8963;
3338;
4989;
3537;
5775;
7599;
9838;
2792;
7281;
7593;
7034;
1181;
7904;
1736;
1927;
4104;
947;
3048;
927;
7226;
4174;
7998;
4373;
5666;
9494;
2270;
9567;
3555;
5908;
2607;
2055;
9754;
6999;
3578;
3225;
1559;
712;
9943;
7475;
4447;
5808;
8344;
5980;
3216;
71;
6751;
1793;
1128;
1890;
6022;
3168;
8985;
820;
5547;
6656;
7747;
7868;
1577;
9115;
7949;
8650;
6541;
3540;
288;
2915;
8514;
4385;
5600;
4767;
7072;
7266;
8038;
470;
1079;
2770;
9007;
4951;
4074;
1431;
2747;
5225;
5965;
6320;
9275;
6651;
936;
6274;
8621;
812;
3489;
719;
5620;
7450;
6872;
5303;
8060;
6257;
6143;
7699;
6444;
7835;
3405;
5796;
1250;
155;
661;
6991;
5267;
4428;
9890;
2855;
6937;
9903;
7024;
3;
9622;
7386;
6698;
1060;
2907;
6661;
8769;
4302;
7890;
3988;
649;
6003;
6232;
2477;
370;
6162;
6644;
6463;
4549;
6332;
7843;
1453;
5516;
9360;
2981;
8093;
6098;
3661;
6141;
7824;
4638;
3828;
4259;
9212;
7195;
45;
2091;
1774;
3432;
5354;
1829;
671;
9905;
8335;
5285;
4152;
2641;
4206;
2289;
4740;
324;
8180;
1044;
711;
7544;
9423;
9645;
4400;
9292;
6587;
9907;
6629;
205;
2188;
492;
6373;
5513;
4721;
9517;
4831;
4247;
9689;
1542;
3607;
7884;
4307;
3023;
9205;
7981;
8809;
425;
1933;
9531;
35;
6544;
3999;
2526;
9771;
121;
2169;
2018;
1437;
8483;
3536;
4443;
5446;
3906;
1051;
9641;
274;
4571;
3088;
2969;
6764;
4564;
3561;
7633;
1004;
508;
1082;
8209;
8027;
4890;
4854;
6325;
5307;
1753;
4648;
3446;
1380;
9910;
6720;
499;
7777;
5546;
5239;
1032;
6967;
2703;
5467;
7778;
9261;
8460;
6947;
9037;
2589;
6844;
1692;
6807;
5748;
1776;
1120;
293;
3871;
8844;
9386;
1906;
8796;
7529;
3011;
3253;
4004;
9418;
2637;
3715;
1637;
4148;
8674;
6631;
2100;
3369;
6687;
1670;
2234;
1262;
8894;
5261;
938;
427;
984;
4127;
5774;
980;
3295;
9484;
4140;
8513;
3118;
1209;
2609;
3357;
9956;
8545;
2804;
4178;
1724;
9603;
7785;
5810;
161;
3239;
2242;
2304;
4821;
4162;
6184;
567;
9116;
4935;
4579;
7141;
1645;
942;
5472;
6359;
2975;
5696;
1283;
5078;
86;
4627;
1310;
7768;
2745;
4587;
8659;
7655;
8495;
7570;
2369;
8257;
2763;
2562;
4672;
631;
247;
8540;
31;
3706;
641;
3656;
2204;
4632;
3135;
9054;
8111;
3610;
9640;
8701;
9377;
4676;
5627;
1338;
382;
9666;
588;
8077;
488;
8503;
7781;
7193;
4081;
9088;
6643;
7750;
1809;
6102;
7080;
9126;
4673;
3725;
5055;
2254;
7751;
5642;
2882;
3742;
8424;
9108;
8787;
7057;
5707;
3975;
6833;
4788;
5095;
7224;
5771;
3546;
2253;
2324;
1836;
6716;
440;
5779;
2508;
6502;
8670;
1052;
1006;
6729;
9924;
6358;
6507;
1330;
5882;
239;
7579;
8508;
6115;
5390;
1155;
2813;
1963;
7848;
8032;
8026;
7856;
2286;
4842;
469;
6634;
9562;
860;
792;
3601;
9917;
5556;
8516;
7626;
9975;
3736;
7968;
5794;
1497;
7935;
118;
2329;
213;
7814;
2046;
5199;
858;
9379;
4483;
5623;
2837;
4084;
5715;
3307;
1891;
627;
3381;
6183;
2028;
6742;
4858;
2244;
5725;
2107;
2711;
4472;
171;
5565;
4132;
8321;
8700;
5937;
8616;
2898;
349;
7368;
5380;
6929;
3371;
4144;
8064;
4301;
4046;
753;
7380;
9199;
3801;
373;
1266;
9225;
184;
1415;
5444;
1666;
2998;
9097;
2282;
1249;
5116;
4879;
7586;
885;
9667;
3062;
9817;
6453;
3800;
1318;
8969;
1923;
6450;
3885;
6382;
5364;
8309;
9565;
656;
7613;
5782;
7462;
2392;
5100;
2544;
5895;
6538;
9405;
2479;
7187;
3382;
9451;
654;
5949;
1976;
9625;
9221;
6180;
9516;
3158;
6624;
2737;
9702;
8258;
6315;
4824;
5910;
316;
9431;
1593;
9673;
4863;
4751;
9762;
6731;
6601;
5498;
8200;
6177;
8081;
3502;
1101;
2317;
7867;
7829;
3673;
7280;
5912;
3955;
6829;
9506;
89;
4009;
4922;
5386;
1164;
3395;
774;
8653;
8855;
7472;
4567;
4755;
5327;
5219;
7196;
1355;
5936;
1188;
2811;
5469;
5968;
6231;
9378;
8676;
2418;
9559;
8212;
394;
7621;
4958;
7527;
8429;
2757;
8289;
1459;
2987;
1332;
9341;
5932;
2007;
5529;
8882;
2128;
5067;
1735;
3589;
7402;
6374;
4196;
582;
3194;
4479;
2085;
343;
4888;
6879;
709;
5428;
7093;
1186;
7333;
1621;
4306;
2478;
8675;
1474;
6523;
939;
7976;
4933;
630;
3479;
5351;
3142;
4604;
2666;
3588;
3275;
159;
6066;
837;
1457;
1353;
7636;
5684;
2259;
2015;
6659;
4395;
4539;
1418;
1851;
7644;
8126;
3090;
6108;
458;
2092;
4187;
8255;
2326;
3653;
1043;
843;
6317;
3391;
1271;
7551;
1830;
5535;
8318;
2131;
903;
5022;
721;
1794;
9776;
9922;
5009;
6676;
3668;
1992;
2395;
1013;
704;
460;
4726;
9649;
7639;
1534;
7944;
5198;
2887;
5297;
6800;
5718;
3791;
4239;
6765;
3697;
5027;
2118;
7800;
6551;
7437;
4209;
1581;
6556;
3659;
5400;
3180;
3152;
2578;
5421;
197;
7972;
4963;
3198;
2040;
2567;
8664;
9172;
2841;
479;
6504;
6352;
6448;
1278;
6314;
8962;
7724;
7752;
5408;
5545;
6726;
2727;
2075;
2219;
471;
1720;
8358;
8196;
8165;
8639;
222;
5640;
7042;
4650;
5677;
696;
5990;
1790;
1203;
9268;
4993;
4481;
5484;
3352;
7106;
6414;
8055;
6368;
5118;
4654;
9272;
4503;
2173;
12;
7635;
8711;
2799;
2030;
6015;
8345;
2680;
9621;
2605;
6922;
4092;
6161;
360;
7875;
7931;
7222;
9440;
8666;
5957;
6487;
6067;
2412;
3252;
2549;
3922;
2568;
8525;
3815;
1516;
7488;
99;
472;
3094;
1791;
495;
532;
3134;
7753;
9963;
8108;
2291;
7886;
7901;
5365;
6495;
4771;
3961;
1072;
898;
5436;
8009;
1965;
7697;
9539;
4920;
32;
1579;
5423;
5687;
309;
7314;
4285;
5657;
6241;
4649;
1080;
8792;
4715;
4583;
1818;
5209;
5901;
6980;
1862;
7208;
1226;
8445;
2469;
4065;
3916;
9875;
8349;
3254;
9992;
8660;
935;
8635;
6146;
9063;
9980;
6059;
1754;
6870;
5074;
218;
420;
2405;
27;
1815;
6964;
3931;
4281;
3895;
8277;
1869;
1394;
3157;
6946;
5479;
9561;
1715;
5235;
6283;
1107;
817;
1592;
9289;
8244;
552;
4786;
6638;
6327;
6467;
3519;
1651;
6023;
3522;
5418;
5336;
7853;
4809;
5141;
1337;
2337;
2472;
2398;
8752;
7772;
3790;
8897;
9790;
9687;
599;
7851;
6743;
2735;
3186;
1326;
6580;
3018;
7689;
9855;
2084;
3884;
909;
5426;
6305;
9952;
1170;
8443;
130;
5249;
5394;
2486;
5669;
7921;
4342;
815;
1091;
1734;
7712;
1242;
3174;
3619;
2584;
4621;
5325;
9814;
5427;
8722;
7943;
6181;
6877;
7028;
5836;
8153;
5275;
1257;
1307;
7666;
7025;
1504;
3944;
2786;
3348;
5755;
8177;
5456;
4812;
3300;
5370;
945;
2306;
2444;
8625;
327;
4957;
8168;
5058;
8537;
9428;
7405;
8891;
9015;
3368;
9353;
6666;
5651;
784;
4098;
8847;
7680;
8790;
5289;
9915;
4089;
2293;
2613;
8767;
3973;
3942;
2261;
8730;
1281;
6737;
9587;
3819;
5049;
2832;
4889;
8385;
6509;
9906;
41;
7723;
5211;
2427;
6494;
9320;
4381;
6921;
7695;
88;
2653;
5746;
9504;
8917;
3992;
1540;
5060;
4828;
8075;
5700;
6431;
4166;
655;
956;
639;
202;
3188;
2465;
7602;
1883;
8240;
4782;
1303;
3027;
1288;
4679;
528;
2222;
139;
6594;
4272;
7307;
2547;
6006;
7522;
2704;
3009;
2860;
6042;
6834;
579;
846;
3460;
1940;
872;
4548;
8080;
925;
6754;
7048;
2168;
1585;
6105;
8959;
7456;
491;
8748;
8414;
9246;
4986;
8149;
2393;
2645;
797;
4445;
7192;
5526;
5986;
4419;
263;
1671;
8041;
4857;
6077;
6553;
2806;
8373;
4896;
4537;
9858;
281;
3327;
3680;
3978;
7012;
6245;
6956;
4214;
3596;
3632;
1461;
2225;
5161;
4780;
7426;
3256;
6789;
9935;
8774;
7731;
7441;
4796;
5101;
3220;
2669;
783;
3570;
2048;
4551;
6514;
8596;
5818;
6620;
3147;
2849;
2624;
1813;
8207;
6004;
8231;
145;
4813;
5967;
8614;
5763;
6888;
180;
1532;
3771;
8239;
2556;
2642;
335;
6777;
9821;
5645;
2570;
3105;
3595;
1599;
142;
6734;
6575;
2859;
2847;
4043;
4706;
7520;
7154;
5789;
6591;
7847;
4752;
4656;
9367;
4119;
9527;
1563;
2;
1377;
1828;
9168;
5731;
8254;
8374;
5759;
8146;
3328;
3600;
6799;
8159;
8881;
4277;
1424;
9968;
7656;
8942;
6968;
7346;
3761;
5401;
3091;
8342;
6221;
3544;
8557;
789;
3904;
6898;
5382;
1594;
4165;
2885;
8552;
1105;
2303;
6648;
8105;
6600;
1245;
1551;
8927;
9286;
7565;
2038;
6986;
2456;
3909;
7590;
2873;
1392;
8580;
9178;
5266;
4599;
1280;
1187;
9909;
3339;
9388;
1161;
1138;
9550;
2414;
5398;
6328;
7427;
5435;
765;
1984;
1274;
1001;
9485;
7739;
2401;
5979;
8874;
550;
5417;
804;
5244;
2856;
7273;
3326;
3337;
7546;
6588;
3386;
2041;
5650;
345;
4182;
7585;
7168;
9389;
9985;
8403;
9696;
4379;
5108;
5923;
3260;
4351;
3670;
5954;
1126;
5415;
4964;
5802;
2419;
7435;
1269;
9356;
7682;
3807;
9490;
9598;
8048;
8297;
9247;
716;
4525;
8103;
120;
8216;
962;
6965;
6901;
5234;
4792;
7315;
302;
3902;
1236;
7942;
6654;
3080;
7563;
5916;
8599;
5837;
8906;
4931;
9969;
6147;
7678;
9911;
8487;
773;
7259;
3121;
337;
6603;
2615;
8768;
2949;
290;
6051;
2233;
9564;
9085;
5215;
7992;
6182;
8974;
3652;
1750;
9371;
814;
5399;
855;
78;
1801;
9761;
8797;
9074;
9683;
7631;
4515;
3836;
7159;
4246;
6395;
6534;
1472;
6052;
9179;
3494;
3285;
9542;
5571;
2940;
4480;
9479;
2833;
3583;
2945;
7614;
1848;
268;
4117;
4758;
6275;
9340;
1423;
9507;
3704;
8611;
2177;
7395;
1625;
6969;
839;
1705;
323;
8604;
5468;
9218;
1827;
9161;
4208;
3565;
8504;
505;
6186;
4876;
3648;
5062;
5039;
7653;
5445;
3688;
5146;
9186;
9807;
4572;
334;
9700;
2330;
7915;
40;
915;
2045;
6000;
8771;
135;
4017;
9791;
6585;
1541;
2315;
8739;
5189;
7237;
330;
7855;
1097;
3231;
5632;
7016;
1010;
7495;
4505;
8015;
659;
124;
4054;
1936;
4546;
2836;
6739;
5090;
5379;
662;
9978;
9739;
1261;
1571;
4681;
9155;
6032;
176;
2794;
4840;
83;
4212;
7305;
4988;
8883;
6397;
9352;
6472;
9954;
113;
3181;
7559;
9607;
9765;
3245;
2158;
9257;
1027;
3692;
684;
4901;
6224;
1166;
890;
9348;
2575;
244;
2548;
6425;
242;
4535;
272;
8828;
3434;
7284;
4629;
8301;
4335;
6155;
4553;
565;
8497;
780;
6272;
913;
5001;
6012;
304;
758;
3006;
1500;
4077;
6710;
4847;
5591;
4371;
5852;
2777;
6693;
6016;
4785;
614;
7211;
3939;
3378;
4962;
6331;
3752;
1749;
7294;
1926;
9499;
598;
5144;
1189;
5531;
3051;
2129;
72;
5974;
777;
4960;
2631;
1654;
212;
435;
4326;
3597;
1348;
1934;
4906;
9057;
3952;
5840;
3840;
446;
8440;
7518;
1924;
5679;
329;
9733;
5503;
9571;
563;
6745;
3313;
4498;
5769;
3566;
5619;
4399;
6688;
2868;
3399;
2054;
5597;
4154;
17;
4328;
2396;
3511;
9171;
3299;
7736;
6569;
1335;
6475;
1729;
4729;
7127;
5530;
5734;
4331;
1295;
8412;
6642;
2778;
8490;
4222;
496;
1743;
9187;
1422;
5050;
7674;
70;
7497;
5964;
9323;
3666;
5792;
1210;
5240;
3533;
1737;
7183;
3284;
3269;
9448;
462;
3293;
7556;
1731;
1694;
4071;
2302;
9701;
8518;
1458;
2230;
416;
8592;
8365;
2878;
2217;
5432;
2309;
6884;
1946;
4591;
9345;
9540;
409;
8431;
7513;
1931;
4337;
6262;
5801;
6073;
8803;
2459;
4115;
8773;
1244;
4192;
421;
681;
8636;
3462;
1549;
8909;
8994;
6540;
1835;
6416;
3563;
7457;
6403;
7236;
9723;
298;
1590;
6130;
5164;
8603;
2980;
7500;
1359;
5853;
9712;
2059;
7385;
4376;
9256;
7953;
4010;
9658;
2116;
6555;
282;
2347;
2608;
7408;
8415;
8524;
7287;
911;
4080;
9881;
4666;
4877;
4296;
5263;
1768;
1615;
7393;
9495;
4690;
8116;
7658;
8831;
619;
6132;
2950;
9468;
3731;
6566;
2471;
3107;
5490;
6240;
6307;
6735;
1020;
9312;
2638;
3618;
4021;
2386;
7331;
5474;
9313;
2364;
8062;
7232;
5653;
7857;
150;
4280;
5834;
9699;
9979;
1752;
7533;
4430;
4608;
5786;
5330;
1744;
1033;
214;
1588;
9958;
7263;
8740;
9269;
9585;
2925;
6205;
3633;
2047;
2593;
1519;
2648;
8021;
4902;
8609;
7596;
8198;
2148;
6031;
2772;
7121;
8579;
7808;
705;
4097;
1055;
2761;
2102;
5867;
1775;
9578;
6985;
1723;
1489;
1922;
7958;
8069;
5071;
557;
7469;
102;
1833;
9034;
5956;
211;
4365;
6963;
6021;
9547;
1340;
8224;
923;
8260;
9970;
664;
4605;
1932;
8736;
5328;
2895;
7132;
3150;
760;
9897;
8158;
6483;
506;
9767;
4361;
8482;
6239;
94;
3187;
5752;
5926;
3780;
7216;
9306;
6619;
5073;
4238;
2674;
5305;
4836;
3459;
9846;
5819;
7324;
9768;
8764;
9919;
6599;
8256;
5127;
2154;
4463;
3167;
1538;
4620;
8472;
519;
7780;
6311;
5914;
2953;
7730;
1048;
9719;
5366;
6851;
1972;
2109;
2671;
2113;
369;
3984;
4642;
9902;
5205;
3897;
2677;
6724;
4233;
952;
3471;
6895;
1939;
9982;
1346;
8281;
2722;
6796;
6092;
2729;
9094;
2311;
4523;
9201;
4852;
3192;
7103;
1825;
3650;
165;
7406;
1083;
128;
7896;
4325;
8684;
3085;
3785;
452;
6128;
5230;
9332;
2812;
7741;
8459;
5549;
8794;
2790;
1980;
8618;
2342;
1419;
4164;
8083;
8772;
3827;
8333;
7325;
8975;
4485;
9195;
5800;
8647;
9949;
6030;
1140;
5480;
8061;
3542;
44;
717;
644;
6966;
2408;
5791;
7990;
1556;
8697;
7011;
7982;
2914;
3431;
6156;
3886;
4731;
9438;
997;
417;
5031;
8678;
8134;
7332;
7728;
8839;
4917;
4581;
7463;
8354;
3367;
1135;
4175;
6369;
2663;
4522;
7702;
9151;
5395;
5102;
9695;
7761;
3657;
2708;
5147;
3854;
5054;
1837;
9829;
583;
8501;
6684;
3170;
9639;
3898;
7582;
4292;
7830;
752;
3804;
1351;
3007;
4372;
5122;
4741;
9091;
8914;
4595;
3486;
8522;
8964;
9435;
5170;
8726;
4256;
4135;
9866;
1502;
4408;
4013;
2350;
7622;
613;
7623;
4003;
5723;
5737;
6238;
7081;
6667;
7504;
8406;
4223;
5975;
6621;
8030;
7969;
2738;
5171;
6973;
3740;
8574;
1301;
5918;
8170;
892;
4817;
4086;
3888;
4219;
7665;
5360;
2586;
9145;
4131;
8586;
8607;
5960;
1177;
6277;
5136;
4575;
6694;
3377;
6333;
2726;
6562;
1159;
8648;
1143;
7765;
2492;
7503;
183;
3210;
7509;
5011;
8086;
8389;
3262;
5064;
4598;
9111;
6124;
2527;
6987;
2255;
1622;
4907;
2476;
8189;
1251;
7023;
8033;
8454;
2468;
4687;
5069;
4079;
4531;
9713;
9030;
4216;
5123;
2766;
8802;
9319;
8931;
643;
9630;
9933;
3572;
7482;
22;
270;
3683;
1664;
8779;
9149;
1485;
3137;
2156;
8956;
4068;
7804;
5660;
1999;
8279;
7452;
6218;
9515;
1515;
3901;
4449;
2120;
6758;
9344;
4719;
8623;
3501;
1148;
1451;
9293;
3305;
4949;
5898;
9399;
9988;
9374;
6482;
8222;
2388;
4616;
5815;
4118;
6808;
7717;
999;
2617;
3623;
3498;
3645;
5798;
3227;
8408;
7032;
7418;
2231;
2203;
9849;
6109;
3512;
9752;
4050;
7213;
940;
5036;
8465;
4691;
1350;
4345;
4613;
338;
934;
2834;
3120;
5688;
1237;
8966;
6084;
4839;
7640;
2441;
5831;
5248;
1620;
8521;
807;
9296;
6329;
1572;
4753;
3628;
1452;
6151;
2795;
4955;
7634;
2561;
673;
2983;
5950;
2961;
9006;
3910;
5029;
534;
1063;
1333;
9050;
3407;
4130;
4473;
6430;
8293;
4891;
2399;
398;
7074;
7345;
2659;
7233;
7553;
9160;
2452;
8419;
1065;
2897;
8405;
933;
220;
4397;
9557;
3123;
5981;
2220;
9636;
5805;
8858;
585;
5257;
7552;
3199;
3743;
9010;
9262;
9416;
6097;
5475;
7662;
3347;
9046;
2995;
9290;
3175;
1012;
6756;
201;
5925;
1834;
2749;
7084;
7494;
190;
4885;
7549;
960;
9174;
1085;
6670;
5508;
1832;
1153;
2034;
1841;
2903;
9694;
4509;
8420;
6173;
4327;
2604;
5434;
6521;
9208;
6554;
6615;
8732;
537;
2690;
7637;
7744;
7360;
5407;
4094;
1134;
9595;
5178;
4294;
6225;
6797;
2881;
8920;
8819;
4056;
8677;
2251;
4750;
6632;
8237;
1406;
9921;
7082;
6269;
8538;
7903;
2010;
9465;
1287;
4777;
8715;
8782;
6618;
9619;
2534;
4723;
132;
5424;
2554;
733;
5319;
1607;
7564;
8387;
5966;
7399;
8145;
6013;
2831;
9358;
4589;
6085;
7508;
490;
1586;
5094;
4674;
377;
5595;
6164;
2865;
4692;
3860;
6285;
2861;
9735;
9614;
6763;
8398;
4234;
4504;
2210;
5799;
3702;
8898;
7163;
2935;
4948;
7764;
597;
8215;
3003;
4221;
3809;
6250;
824;
6527;
6361;
9800;
7496;
8556;
5148;
3218;
4093;
6208;
9772;
51;
1297;
3878;
9887;
5059;
1191;
2278;
6198;
2104;
3117;
834;
8144;
4980;
2327;
2858;
8841;
4257;
4405;
2191;
4275;
1320;
2063;
4558;
5683;
87;
7214;
3755;
5025;
8913;
8724;
2978;
5602;
1002;
46;
4990;
2603;
5304;
6002;
2209;
1141;
1268;
7087;
3233;
8356;
7306;
3690;
8203;
111;
2801;
8613;
9662;
9644;
6492;
1990;
7987;
6243;
7882;
7401;
3753;
5088;
6897;
3304;
3506;
640;
3550;
3584;
5251;
2008;
1061;
9446;
9843;
4961;
7807;
2537;
2565;
6226;
9939;
5521;
4921;
1412;
4946;
2924;
5152;
6249;
1509;
6223;
1477;
3787;
33;
1488;
2851;
2436;
6292;
4313;
9295;
6339;
5680;
6702;
5540;
9322;
5735;
2927;
3002;
4841;
1507;
6040;
8876;
4251;
8988;
2319;
1122;
7917;
543;
332;
9660;
5245;
2916;
1175;
6060;
2719;
2541;
2896;
284;
8375;
5758;
1716;
637;
3346;
2808;
5603;
5588;
4775;
8863;
7809;
5294;
2400;
8926;
9629;
2189;
5032;
8829;
179;
1786;
9406;
3160;
97;
9391;
3014;
4002;
8100;
8567;
7039;
8407;
7347;
2750;
1974;
2481;
5643;
1886;
2822;
1838;
389;
3466;
7548;
6537;
3701;
4414;
3558;
7707;
8500;
8925;
3612;
1193;
4370;
21;
7049;
6883;
336;
7487;
1430;
5686;
1324;
5959;
9638;
6318;
2139;
5868;
8001;
7126;
4102;
7176;
1568;
7541;
8591;
1611;
8073;
3834;
4659;
4423;
844;
3213;
3340;
9685;
3710;
512;
7836;
3921;
6990;
3516;
5630;
3675;
8121;
308;
7334;
5721;
7584;
4492;
735;
6062;
3920;
8184;
6857;
1852;
77;
25;
8467;
315;
9169;
9967;
3775;
1081;
4959;
501;
6248;
2582;
8830;
7027;
9511;
1522;
2004;
7152;
1147;
731;
1902;
8148;
1908;
7470;
1675;
8016;
1771;
1223;
2497;
7077;
7524;
5842;
9852;
4893;
2381;
3554;
4717;
8731;
8990;
3990;
9384;
1573;
5958;
3452;
8426;
63;
8437;
219;
9501;
2269;
6838;
3038;
8563;
3915;
7430;
2943;
9609;
3967;
9263;
6525;
9901;
4965;
5017;
7078;
1713;
9616;
4227;
2825;
267;
1408;
838;
3268;
1158;
8853;
3699;
3798;
9072;
1154;
8480;
8019;
7444;
551;
6920;
1683;
8777;
1949;
8848;
383;
7996;
3272;
7440;
4495;
9805;
2229;
9354;
7587;
4804;
5162;
7199;
7276;
3654;
2699;
4914;
6362;
689;
6454;
1448;
1331;
418;
9951;
2483;
2284;
1850;
1795;
1612;
3330;
6375;
6297;
7404;
3867;
3826;
4639;
1092;
9317;
2619;
4063;
14;
7234;
8662;
6312;
3448;
4145;
3408;
3839;
1661;
2212;
110;
7540;
1276;
5610;
3113;
4006;
7429;
7627;
7167;
1349;
3905;
6820;
6709;
4488;
757;
6744;
6814;
578;
8924;
388;
4058;
8590;
5756;
8058;
7834;
5486;
3723;
2076;
8169;
4456;
5747;
9635;
5661;
1311;
5182;
2705;
2870;
6490;
5594;
6932;
3883;
3841;
8425;
3196;
6303;
1617;
6489;
9023;
1352;
6263;
950;
9279;
7720;
7673;
5892;
8671;
3133;
4783;
3019;
7911;
4047;
6609;
5000;
5579;
7742;
5104;
2276;
8343;
9503;
2576;
5557;
6597;
3046;
5265;
1108;
4530;
3238;
7799;
6824;
8643;
4389;
5934;
8693;
8434;
5246;
8911;
9653;
6908;
8484;
2721;
3962;
9130;
8957;
7095;
1783;
6652;
8057;
279;
1200;
4818;
7974;
8187;
7721;
2685;
9192;
9556;
1769;
3530;
840;
4311;
6075;
4664;
9888;
8172;
4868;
5238;
1328;
2056;
6230;
946;
798;
3745;
8729;
9143;
9284;
4707;
1222;
9722;
9544;
9137;
8577;
5777;
1367;
1681;
2126;
1373;
4892;
7200;
8705;
8547;
9083;
3396;
4516;
8902;
6680;
2917;
5433;
1636;
9709;
5581;
6340;
8668;
9086;
2273;
5084;
8588;
9703;
4806;
1117;
5296;
4039;
8397;
1733;
9359;
6388;
6532;
4645;
1766;
3786;
5044;
2499;
875;
8870;
4199;
8025;
8869;
1564;
5709;
7051;
9355;
2764;
1844;
9613;
3576;
951;
6477;
50;
7248;
623;
5061;
5638;
1511;
6841;
3730;
1684;
678;
1110;
9996;
5282;
7574;
2121;
8704;
5140;
4468;
1824;
8720;
7001;
8562;
7004;
2693;
4789;
7295;
9857;
9716;
606;
2224;
3404;
1035;
603;
9018;
926;
9749;
7257;
4702;
7754;
5158;
4640;
9366;
9806;
2891;
608;
3250;
1659;
9643;
9198;
3397;
1204;
9180;
4714;
3114;
9524;
2892;
3813;
6899;
6099;
8566;
2890;
546;
9810;
9260;
9928;
700;
4653;
5692;
9962;
3081;
7628;
1309;
7111;
5085;
1040;
4241;
8980;
4266;
5724;
7507;
3658;
8907;
2005;
2706;
9189;
3640;
1247;
7569;
7110;
6860;
7373;
2732;
8710;
888;
5191;
1197;
2957;
6165;
7899;
9011;
9324;
6227;
1884;
2281;
732;
1263;
3345;
6176;
9041;
7354;
1378;
3034;
4570;
7760;
2993;
2146;
3696;
4383;
1293;
6772;
1618;
8606;
2816;
4478;
1512;
6912;
3495;
9239;
6506;
7515;
2013;
5569;
4228;
8378;
7085;
8544;
8166;
6701;
701;
9965;
865;
6747;
9098;
3678;
8211;
3065;
6426;
7351;
9898;
5425;
9106;
5063;
5166;
657;
3457;
3274;
7458;
2889;
2089;
123;
9577;
9931;
4353;
1866;
6348;
5824;
3863;
691;
3681;
8284;
7573;
2310;
9669;
7763;
4413;
7308;
4748;
4461;
2614;
9326;
9682;
3103;
7920;
8600;
6135;
4947;
4248;
3423;
9103;
7239;
2404;
1059;
4090;
9048;
9124;
402;
8896;
117;
821;
1402;
2557;
292;
1945;
3823;
7367;
1321;
3472;
207;
1409;
645;
3342;
6457;
8435;
6389;
3882;
7560;
5614;
2597;
8628;
7240;
405;
8113;
8825;
2857;
9787;
2354;
62;
9119;
862;
3235;
2202;
526;
8192;
3732;
703;
9150;
198;
6853;
5857;
1025;
1499;
5599;
341;
3982;
8791;
7542;
7181;
2824;
5412;
8273;
3242;
4042;
5764;
9237;
6337;
549;
2083;
7155;
5132;
9798;
5040;
5151;
6018;
6536;
8304;
6103;
6458;
5134;
8615;
4499;
9724;
2115;
5612;
7312;
7859;
2602;
4088;
4027;
1605;
3043;
4040;
7792;
8295;
3333;
4991;
7675;
7818;
1070;
1970;
2042;
3183;
3639;
2099;
5860;
6979;
1761;
4217;
1131;
3289;
9826;
8201;
9421;
2488;
6071;
2362;
9582;
4264;
928;
2119;
4476;
1034;
6233;
5717;
8548;
8517;
2594;
2654;
730;
3112;
5667;
2482;
9769;
5554;
8776;
1179;
7338;
4724;
8875;
3179;
4062;
4454;
6113;
2051;
914;
1877;
5628;
7703;
4862;
5502;
4158;
7888;
2543;
4244;
3427;
778;
6343;
5694;
7831;
9087;
3201;
521;
3442;
8118;
1858;
261;
5605;
9541;
8242;
3986;
5272;
3861;
5381;
3286;
6590;
3440;
813;
9370;
2466;
1215;
1784;
1876;
4125;
9552;
8502;
6081;
6206;
8868;
3072;
8308;
6309;
296;
6178;
2787;
8806;
1219;
4848;
189;
8916;
6736;
9904;
5323;
8122;
2783;
8453;
2559;
747;
6552;
6854;
3491;
8655;
8152;
3467;
8940;
3689;
7252;
8638;
9883;
7914;
9069;
3737;
5438;
6256;
1212;
3604;
9008;
566;
9976;
4708;
141;
9738;
8526;
1299;
2032;
4242;
9321;
7881;
8657;
7562;
9698;
7062;
8900;
7545;
3720;
3211;
6972;
4190;
7322;
7648;
6994;
3320;
4787;
1808;
6082;
9228;
372;
6009;
2901;
3458;
8302;
7539;
5772;
4747;
8485;
1928;
4078;
7118;
1826;
1112;
1345;
8410;
8665;
3290;
6344;
9191;
1686;
6671;
6446;
8280;
301;
9461;
9869;
596;
2660;
5496;
1840;
9865;
4462;
3927;
4900;
9912;
1264;
7362;
1503;
6499;
8843;
3549;
9045;
5459;
6903;
5466;
151;
2297;
2965;
2650;
6163;
3329;
8795;
6251;
6704;
1816;
8331;
1718;
2279;
1058;
4625;
7409;
2522;
7115;
5441;
7583;
4716;
5626;
5291;
9131;
8531;
3865;
955;
80;
3874;
9243;
9764;
1533;
5765;
2409;
6790;
818;
7686;
1627;
1799;
9508;
8098;
977;
1124;
7668;
2023;
374;
9650;
1614;
9710;
2717;
5832;
3221;
8247;
364;
1316;
2249;
269;
6810;
1529;
3182;
9264;
9588;
2954;
8742;
6571;
5256;
8446;
1702;
9372;
9815;
5935;
8428;
5567;
9452;
3539;
73;
9874;
6862;
4995;
7070;
7806;
2243;
2992;
3205;
2688;
5206;
3246;
1536;
7353;
8037;
6769;
5880;
5334;
8020;
7611;
9615;
6203;
2343;
2321;
6350;
9813;
4230;
1137;
1386;
8854;
3996;
6573;
6655;
1375;
5673;
9606;
378;
7043;
5678;
524;
6760;
5893;
8264;
6345;
4712;
2838;
4000;
2712;
959;
3282;
2216;
248;
632;
1007;
6719;
6035;
4832;
4590;
7961;
515;
8800;
7052;
6792;
9948;
6116;
9529;
7479;
5376;
1789;
8051;
9656;
1356;
6576;
7738;
2151;
7079;
611;
7107;
1916;
2009;
2820;
5972;
5876;
7069;
5744;
5143;
5317;
8341;
7771;
1374;
1152;
7719;
5091;
3933;
4015;
7595;
6858;
399;
1624;
9092;
4633;
7091;
5079;
9026;
1368;
387;
3153;
182;
8400;
204;
7984;
3500;
4912;
6723;
7964;
5969;
3507;
891;
2114;
410;
5243;
2066;
1747;
4041;
3263;
6567;
794;
5375;
1873;
9140;
9795;
6323;
9061;
1482;
849;
6014;
7136;
2742;
451;
2280;
2250;
8861;
4682;
5385;
7490;
2246;
4795;
9483;
4661;
3685;
9960;
2112;
6848;
4470;
6685;
3053;
5866;
1687;
9824;
9528;
6137;
8915;
1267;
6894;
5333;
3163;
9112;
3960;
4424;
7478;
4919;
4739;
8117;
4297;
4610;
7031;
4500;
4678;
9387;
2817;
2587;
3392;
9671;
4352;
3335;
8052;
6134;
8110;
8190;
96;
6771;
8028;
1229;
9608;
1067;
771;
1259;
4846;
8151;
9394;
4698;
2867;
8054;
714;
9365;
3741;
2580;
5120;
7483;
3838;
195;
6024;
1739;
7897;
7902;
3291;
2087;
8644;
6357;
2532;
5096;
4270;
9941;
3581;
9200;
3064;
5089;
4215;
8756;
437;
886;
8821;
4970;
759;
5447;
1427;
1062;
9684;
9553;
6876;
3214;
4083;
8835;
6304;
9536;
4669;
4291;
5057;
2552;
2921;
8879;
2652;
6420;
616;
3765;
8679;
6708;
2333;
4486;
61;
5615;
7749;
4720;
3756;
2122;
7743;
9920;
8173;
8871;
4641;
8395;
3517;
4064;
8228;
3084;
7965;
1677;
8377;
3360;
6572;
4722;
4976;
1839;
3165;
4887;
4407;
7143;
1390;
6056;
8246;
5647;
7133;
9505;
6867;
1221;
1475;
4265;
2588;
1802;
4322;
319;
7254;
3538;
1660;
7;
8316;
5515;
3851;
1479;
1695;
2598;
7939;
3490;
2351;
6531;
8250;
1589;
273;
3410;
9839;
5048;
3744;
9959;
8712;
994;
7892;
8908;
3355;
6372;
9930;
9392;
8549;
2629;
7980;
4766;
6043;
5233;
9549;
8053;
2006;
489;
4354;
8464;
4346;
4051;
8804;
7473;
677;
459;
8294;
2937;
516;
7464;
2027;
2026;
7711;
305;
775;
9102;
2513;
8236;
6050;
3257;
9315;
1526;
1016;
276;
967;
4512;
3096;
5430;
3358;
5006;
2883;
6474;
9363;
3401;
5518;
4319;
6324;
7209;
1745;
5826;
2746;
3317;
6517;
9250;
7467;
9135;
5042;
663;
1388;
7008;
148;
1917;
2754;
6110;
9947;
2724;
4658;
8735;
9253;
803;
215;
6321;
6341;
3244;
3717;
5961;
407;
1450;
3855;
6593;
7813;
988;
1951;
9305;
3265;
5762;
6795;
5803;
6798;
7288;
3784;
5274;
6432;
2988;
163;
6592;
5507;
5646;
2170;
9276;
7394;
367;
8457;
8475;
1277;
788;
1413;
7840;
3380;
6235;
65;
4180;
6598;
5659;
7267;
4897;
9148;
706;
6440;
9278;
9056;
8972;
6486;
3559;
3930;
5760;
4031;
9162;
5501;
9376;
6273;
3104;
2651;
357;
748;
2696;
8631;
9942;
30;
3757;
5879;
7249;
9231;
2886;
3000;
5056;
1284;
4276;
887;
3747;
9096;
3749;
7293;
2540;
1896;
9757;
6131;
1106;
43;
7420;
8039;
9586;
6279;
4332;
7202;
2425;
9809;
7029;
174;
7923;
289;
6306;
9067;
9215;
8451;
3415;
5097;
9307;
6123;
1195;
4744;
1178;
3061;
1225;
3925;
4310;
6199;
9854;
3076;
8945;
1115;
4514;
9895;
8123;
924;
1064;
4138;
1680;
541;
8463;
6074;
9009;
9770;
600;
5005;
6660;
0;
5138;
1045;
8325;
5670;
1253;
8997;
7525;
553;
8125;
5564;
1132;
4987;
2132;
4754;
1156;
8978;
6913;
5271;
5186;
1860;
6114;
6733;
554;
443;
5553;
7255;
1547;
8661;
7218;
983;
4556;
1757;
9437;
9165;
2827;
3806;
8506;
8818;
2683;
325;
7415;
8519;
4255;
3480;
8601;
7151;
9944;
7654;
7349;
8402;
1792;
7523;
5460;
6692;
200;
3005;
4059;
9668;
3162;
8436;
6159;
2612;
1591;
4932;
3856;
1145;
2908;
607;
408;
6647;
8612;
6465;
8022;
5890;
2355;
1811;
527;
1535;
4725;
1241;
7030;
2448;
2521;
6900;
749;
4810;
6296;
2805;
2583;
9923;
7705;
2228;
4452;
5542;
1725;
6254;
8930;
5590;
1847;
1909;
5813;
5604;
6259;
6801;
2424;
690;
6441;
1213;
4544;
3435;
5348;
5995;
7056;
1937;
6179;
1788;
6526;
987;
9166;
1574;
9859;
2947;
621;
1054;
5194;
9455;
7164;
989;
6044;
245;
7685;
358;
7863;
8070;
5906;
2530;
9844;
4975;
968;
7909;
6826;
1730;
3776;
1384;
1220;
3445;
2828;
8813;
9138;
7112;
4374;
4851;
3139;
8011;
9105;
2880;
895;
8047;
9510;
1400;
3204;
2923;
8608;
310;
6822;
2785;
7773;
851;
740;
2636;
7000;
8890;
993;
558;
8066;
9265;
1077;
1524;
725;
629;
9055;
8312;
4143;
2909;
6896;
4028;
3580;
434;
104;
7129;
617;
7421;
8068;
9303;
9012;
9893;
6516;
1782;
2193;
3010;
2061;
7950;
7616;
5593;
4464;
4177;
3106;
5985;
2974;
7197;
8461;
7619;
5227;
2797;
971;
3024;
3582;
9886;
5241;
8691;
4315;
827;
9486;
9469;
2164;
4061;
1640;
9158;
3492;
3483;
260;
755;
7013;
7872;
2288;
7468;
5601;
1918;
2450;
9617;
9777;
9400;
4044;
889;
29;
2153;
57;
2875;
7210;
981;
8266;
5393;
3822;
2581;
2771;
2691;
4121;
2538;
4229;
4635;
4426;
1008;
9453;
8696;
620;
1275;
7803;
8634;
9590;
1880;
7484;
9224;
1584;
8886;
1810;
5344;
238;
5820;
1781;
8589;
4448;
3092;
7774;
3353;
3301;
1146;
9475;
8529;
8788;
3228;
4317;
9281;
1136;
2439;
8947;
3649;
1812;
9227;
2123;
8559;
1662;
1910;
1496;
7770;
6522;
9991;
450;
7922;
1037;
8807;
4263;
1964;
6584;
6836;
3101;
3474;
5708;
3892;
1046;
6614;
4008;
667;
5363;
5788;
1198;
3416;
1123;
9396;
9937;
7975;
5404;
5862;
4442;
4286;
4347;
258;
1985;
9019;
9339;
5086;
2239;
8593;
8721;
3870;
2649;
856;
5179;
8905;
4793;
8300;
9708;
1260;
2962;
3972;
2094;
559;
6188;
5020;
7304;
6673;
422;
9190;
9462;
106;
9369;
5114;
636;
2201;
8171;
314;
4475;
9079;
5740;
3013;
4402;
7732;
6802;
633;
4186;
3551;
2634;
3907;
5347;
7511;
3222;
7341;
37;
7779;
84;
8031;
3574;
4886;
1685;
8936;
4905;
6906;
6821;
635;
4045;
1011;
6047;
6683;
8583;
6187;
5811;
5226;
7253;
9955;
3795;
7651;
5939;
7845;
6326;
8448;
5413;
8759;
3087;
6172;
2012;
3963;
1362;
9129;
943;
5741;
5051;
8157;
1434;
1872;
1898;
5391;
2627;
6433;
6166;
8230;
1557;
4614;
5639;
5922;
1706;
2807;
5711;
7537;
3283;
6351;
2967;
3197;
715;
6582;
7036;
3230;
4507;
3869;
4580;
961;
9984;
3314;
3677;
8002;
5988;
3890;
4743;
9316;
7265;
9043;
2644;
694;
9327;
6282;
1116;
9177;
6818;
6200;
4644;
573;
5905;
8986;
5378;
4401;
3605;
8723;
8185;
5538;
5509;
7900;
2656;
1732;
2798;
9971;
9872;
5817;
6910;
4105;
1024;
5894;
6204;
3499;
6048;
6926;
3098;
1817;
1289;
7826;
39;
5555;
6891;
835;
3832;
4303;
2944;
9758;
4773;
2377;
1498;
4458;
5833;
2626;
5070;
8965;
1466;
5298;
2802;
2484;
9750;
5193;
8476;
240;
6017;
6053;
7061;
9526;
8921;
2734;
4837;
660;
805;
2335;
9525;
1714;
7180;
2155;
6427;
3880;
8458;
9382;
4800;
8507;
2487;
6260;
6496;
4727;
3687;
2498;
7130;
1696;
6835;
2036;
9401;
5888;
5947;
5654;
1632;
9024;
5787;
4360;
8998;
4761;
6210;
7318;
4908;
8306;
1647;
8140;
9583;
9013;
2382;
253;
2874;
7821;
1966;
7999;
3951;
9232;
2888;
4521;
3728;
9181;
8515;
4607;
5856;
8745;
1074;
8669;
6080;
4866;
4966;
6119;
7098;
438;
6280;
3767;
4197;
8263;
916;
2884;
243;
5609;
9144;
5865;
7235;
7854;
6216;
8934;
5977;
1334;
9572;
6095;
7371;
1404;
9419;
9291;
538;
2710;
6608;
1787;
2079;
6072;
8346;
8372;
7937;
5899;
859;
8895;
6700;
1227;
7910;
3110;
8520;
4815;
167;
2370;
172;
905;
3535;
6859;
2070;
3835;
3751;
810;
8102;
9925;
3364;
8191;
5476;
2451;
9121;
3058;
1711;
9445;
137;
2332;
6675;
4048;
4860;
7398;
209;
8584;
5870;
2295;
7191;
9604;
7994;
66;
7822;
4969;
979;
6086;
9751;
2262;
6434;
7365;
5869;
2442;
1960;
2550;
3842;
7092;
5111;
6401;
7286;
5991;
995;
9331;
8167;
7221;
3437;
3830;
4308;
4096;
3691;
5778;
8747;
8901;
3946;
9183;
4393;
5406;
6847;
3321;
4574;
67;
497;
4287;
8107;
1078;
216;
2011;
5174;
2454;
3966;
5124;
5207;
3592;
2071;
2758;
9748;
2494;
2167;
1861;
9031;
4588;
4677;
7400;
2731;
4762;
7594;
181;
8741;
7076;
2473;
880;
8667;
9016;
9973;
8512;
5577;
6669;
9001;
4128;
5461;
5973;
9118;
4617;
9426;
4652;
4680;
9099;
5106;
2140;
6725;
6713;
3695;
3393;
4163;
6746;
9677;
6360;
1183;
2429;
2135;
9734;
4409;
2684;
3409;
1171;
5816;
5751;
2713;
6191;
7359;
2402;
5963;
2775;
5955;
3093;
8274;
7603;
7688;
2420;
6104;
3277;
4343;
7422;
4030;
9206;
5941;
3722;
742;
8527;
9730;
1796;
3071;
5026;
4029;
7985;
9569;
6418;
4709;
624;
5352;
5994;
2171;
5214;
6923;
3805;
1807;
9548;
9302;
7825;
3651;
3642;
8449;
6041;
4774;
6118;
6748;
8746;
5002;
7817;
3376;
1208;
3146;
3143;
4076;
8352;
9403;
7138;
2044;
8982;
2959;
4156;
4968;
4087;
8783;
665;
7918;
5389;
9560;
4865;
9436;
8317;
9157;
6993;
1598;
1920;
5560;
3138;
4466;
5142;
3712;
9599;
8801;
1104;
4797;
2900;
5236;
7037;
4543;
2520;
6722;
1069;
5439;
2566;
6120;
9362;
7952;
6752;
6641;
536;
6219;
4665;
6831;
7865;
1463;
8860;
3311;
3308;
4684;
5671;
9368;
4894;
7162;
303;
7231;
3876;
6970;
6396;
727;
441;
6428;
9242;
3529;
6839;
1973;
8112;
9581;
3964;
6461;
2322;
5216;
313;
3877;
8789;
8384;
494;
6781;
5187;
3579;
3429;
2426;
1343;
1254;
5587;
354;
1099;
1689;
6481;
2555;
829;
4112;
3463;
8718;
6001;
1398;
1239;
1130;
8441;
7758;
2928;
4688;
6215;
7186;
6412;
1942;
8163;
2823;
8619;
8303;
986;
3212;
1911;
2558;
2563;
9217;
2067;
8706;
6392;
4927;
6828;
1628;
5145;
4245;
8553;
3811;
115;
3008;
8291;
5583;
3125;
7120;
7417;
9936;
2380;
9141;
8692;
6028;
6657;
6793;
3940;
4489;
3055;
590;
4759;
5098;
2240;
1038;
9159;
2214;
864;
2569;
8918;
5689;
9220;
5634;
1467;
899;
4321;
708;
4697;
8361;
7123;
2344;
112;
4038;
1049;
1425;
9047;
7343;
9591;
2736;
3374;
9575;
1657;
1218;
736;
2999;
3056;
2852;
589;
7795;
8960;
5283;
1845;
8090;
6823;
6840;
5260;
18;
6500;
2670;
9720;
4542;
1638;
4356;
790;
6443;
2186;
1194;
7929;
1432;
2803;
6169;
1721;
5232;
2668;
8698;
5350;
1682;
3116;
3017;
379;
6168;
6294;
3889;
5110;
4871;
9830;
6775;
9299;
2697;
1531;
2911;
4422;
9173;
7219;
9471;
7534;
7578;
9879;
2073;
3343;
9064;
5422;
249;
2714;
8989;
6528;
7250;
6129;
3439;
7906;
5589;
9397;
8178;
9974;
6559;
3694;
8755;
8417;
2821;
2435;
2366;
1023;
6948;
6252;
3934;
8238;
7659;
2368;
4185;
300;
4693;
2182;
9690;
2098;
1358;
6861;
902;
9642;
510;
5034;
6100;
8438;
6291;
1066;
3083;
2681;
1382;
570;
2103;
4880;
5858;
4924;
1471;
4950;
6402;
8857;
2672;
2490;
3073;
1521;
6842;
4749;
6563;
7099;
1294;
4350;
6258;
5510;
5550;
881;
6270;
1950;
9185;
1755;
9357;
3859;
7815;
1508;
3829;
5951;
4803;
4034;
307;
1634;
9864;
9823;
2449;
2421;
4938;
9983;
6850;
9721;
4363;
7970;
4835;
1567;
507;
5524;
782;
3774;
8845;
5066;
5280;
1537;
3764;
210;
6451;
2074;
2872;
9628;
1602;
2252;
8703;
688;
5252;
208;
3312;
6196;
2528;
745;
7796;
5278;
4338;
3568;
2931;
970;
9304;
105;
7618;
2633;
9424;
513;
6783;
2910;
2759;
3200;
2345;
7661;
4939;
6519;
1804;
4459;
7767;
8290;
9620;
3510;
4973;
2086;
188;
1613;
6518;
8225;
3896;
6268;
3032;
1139;
2662;
5562;
6914;
2515;
4116;
3309;
6668;
6940;
278;
1691;
1282;
4765;
6925;
6909;
9502;
3913;
5527;
5403;
7748;
2431;
4388;
1907;
8865;
4936;
1751;
1947;
9729;
3843;
3887;
503;
6466;
8887;
698;
1698;
8396;
4471;
921;
447;
726;
6886;
4330;
3724;
5859;
2065;
7580;
5377;
836;
1022;
4520;
8781;
5431;
1168;
5881;
4016;
4107;
605;
8642;
4779;
963;
5018;
529;
9520;
8439;
1501;
4198;
6076;
2397;
7442;
2686;
8233;
6212;
1580;
692;
3850;
5237;
4314;
511;
3947;
8824;
9868;
7471;
1056;
8299;
5948;
8452;
9147;
3718;
5405;
9100;
2658;
4288;
7436;
1113;
4760;
3521;
6998;
4396;
4082;
6094;
8147;
3769;
5213;
2574;
6310;
9229;
2163;
4240;
5830;
7671;
2830;
6924;
8570;
7973;
3332;
423;
7175;
6887;
3206;
4211;
1819;
1700;
3711;
1555;
3991;
6145;
7410;
9004;
5075;
7610;
2475;
4205;
3169;
7667;
9627;
1403;
1785;
7474;
1991;
3420;
6767;
3615;
2796;
5732;
6302;
785;
6865;
3278;
7883;
2621;
9482;
259;
6707;
9442;
5622;
3185;
4662;
6636;
5493;
6881;
4052;
432;
2049;
8334;
9184;
2097;
795;
6096;
7592;
7064;
1435;
6875;
2353;
3266;
8024;
9908;
6938;
6730;
6787;
1821;
8511;
131;
9036;
264;
5543;
4194;
237;
8095;
3789;
4420;
9692;
2300;
9343;
7301;
9288;
5984;
1842;
4550;
8682;
5625;
6034;
7275;
2495;
7156;
333;
2021;
6501;
1003;
1578;
2972;
7927;
1894;
5999;
6026;
4436;
9693;
4072;
7169;
682;
1820;
1487;
3977;
3132;
2625;
8339;
6706;
2692;
1712;
8542;
8474;
5338;
5172;
2676;
3354;
3485;
8071;
3553;
1279;
3145;
9554;
1779;
9202;
1699;
19;
1363;
8347;
9842;
7722;
2902;
9364;
5037;
9512;
5738;
7684;
6961;
4671;
4421;
6809;
9737;
1981;
419;
8218;
8213;
5511;
3193;
5823;
8652;
7320;
465;
3837;
1364;
5316;
9566;
275;
5849;
9797;
6984;
2640;
7997;
3528;
8042;
2620;
8575;
5551;
4467;
5485;
3349;
2178;
679;
467;
917;
4683;
1646;
713;
7264;
9470;
9385;
1042;
7336;
7782;
2152;
7173;
2247;
3630;
4431;
5003;
5322;
8991;
625;
8954;
8952;
9;
2480;
3119;
257;
8725;
5349;
90;
4482;
7737;
1545;
8188;
3825;
5313;
7225;
9003;
5373;
3319;
2298;
9489;
7531;
6863;
326;
1494;
4910;
5933;
56;
2081;
8314;
675;
6868;
6057;
7247;
8353;
8977;
2920;
7692;
5184;
2235;
3159;
1270;
4730;
5374;
4565;
2438;
7864;
16;
1387;
9793;
9600;
6264;
4366;
4390;
4511;
2854;
2779;
375;
6721;
5443;
1462;
6557;
8532;
4983;
9678;
5442;
2196;
4929;
7298;
2150;
9832;
9000;
5584;
4137;
8154;
7505;
3372;
3172;
4911;
47;
8357;
6864;
3505;
8734;
5203;
8817;
286;
4510;
1086;
6289;
2622;
5733;
7510;
4561;
7350;
8626;
7363;
9929;
7412;
1098;
5855;
1149;
6246;
8576;
4940;
5015;
4250;
1354;
7179;
9880;
1476;
359;
5397;
1308;
2375;
1604;
5900;
7128;
6170;
4202;
6201;
5224;
6959;
7261;
3873;
6455;
4624;
9258;
8104;
3243;
7038;
2839;
2470;
3620;
3513;
8539;
5212;
9273;
295;
7372;
170;
9918;
1762;
5539;
2818;
7203;
2308;
3477;
3361;
8838;
2496;
8229;
8307;
8143;
9950;
6308;
1668;
2505;
6762;
6355;
2160;
7453;
7938;
1121;
2767;
4404;
5176;
1727;
2850;
9851;
9946;
8645;
4881;
5309;
6140;
4728;
3953;
4823;
646;
1493;
1185;
4801;
6194;
7735;
8008;
6429;
7571;
297;
6873;
9746;
401;
6174;
5483;
2516;
5827;
4340;
1240;
3762;
4188;
7262;
2192;
3857;
2357;
2371;
6488;
6625;
4103;
7706;
3022;
9987;
7526;
5196;
4519;
4856;
2014;
823;
1925;
4457;
3015;
5996;
6058;
5310;
5411;
4895;
6941;
2718;
3799;
8846;
5993;
7302;
3390;
6811;
4623;
6662;
7292;
8820;
9492;
3700;
7663;
2912;
592;
1673;
266;
4099;
2062;
2657;
4075;
2159;
13;
5167;
2577;
8937;
8368;
8968;
3412;
1777;
5112;
2948;
3478;
5566;
2997;
140;
7532;
1165;
6038;
3923;
4020;
7889;
2416;
7696;
7930;
6533;
547;
1385;
8605;
4560;
2682;
5873;
2600;
5482;
4173;
2606;
8390;
5217;
7632;
2379;
3671;
196;
3514;
3858;
8654;
9209;
8161;
6779;
9449;
8680;
6750;
7838;
5180;
5202;
5497;
5716;
6949;
4109;
8393;
7521;
9075;
8067;
7554;
4261;
4615;
9651;
7411;
3366;
3949;
8878;
8018;
6749;
6150;
2511;
5077;
1470;
555;
7207;
4441;
974;
520;
7605;
4384;
8694;
348;
2166;
2986;
3341;
6054;
5300;
5324;
6696;
5702;
4375;
1322;
3667;
9775;
806;
3903;
339;
8885;
1455;
8063;
575;
3814;
4494;
3164;
2060;
9259;
414;
7957;
6316;
6404;
4170;
2143;
7783;
2133;
6011;
5043;
9203;
109;
2440;
5575;
2349;
6399;
884;
6878;
3746;
2035;
7382;
107;
3812;
7223;
722;
4243;
6202;
9747;
8119;
7291;
8758;
8810;
7407;
8072;
4417;
6244;
3016;
2826;
7871;
5793;
1036;
7160;
8340;
9236;
234;
2312;
9361;
1336;
1582;
1028;
346;
6520;
6133;
6406;
1948;
6;
7323;
5457;
8432;
482;
4778;
5371;
6171;
7389;
5618;
1026;
2510;
953;
1865;
3421;
192;
647;
4953;
8530;
6950;
5997;
3989;
4333;
2307;
8076;
8023;
9459;
5698;
3433;
5929;
6717;
7919;
2741;
4630;
1505;
8816;
8214;
5952;
3779;
750;
1371;
1831;
7244;
3684;
9234;
6377;
5286;
9555;
2639;
7045;
9350;
4636;
3373;
7439;
498;
8554;
6049;
233;
3129;
8716;
1272;
8714;
6578;
3626;
3261;
1539;
3646;
8234;
7962;
5414;
6727;
1822;
3148;
4807;
4903;
7319;
1084;
6579;
8509;
4290;
3635;
2979;
2428;
342;
2179;
4496;
221;
3418;
321;
1201;
7762;
5519;
1726;
5210;
6471;
143;
164;
4232;
1473;
1088;
4394;
6574;
1913;
5663;
5992;
8856;
1881;
9420;
4603;
7924;
7003;
4763;
5847;
767;
2752;
8328;
1468;
2387;
8204;
7094;
4513;
6794;
34;
7414;
3052;
6415;
1554;
2491;
1971;
2509;
4151;
8713;
3302;
3703;
2443;
6874;
7733;
8359;
4279;
2105;
8355;
8784;
4025;
7966;
8535;
879;
8780;
7690;
5844;
4218;
5576;
6703;
3708;
3078;
2551;
1405;
3037;
6768;
8555;
5822;
8641;
4203;
1552;
2573;
8271;
3430;
9314;
2195;
8928;
4538;
3481;
9601;
8399;
931;
3082;
7887;
7357;
4201;
9780;
734;
4465;
4057;
5616;
1411;
6334;
3849;
8581;
4675;
136;
5321;
8371;
4469;
9252;
2501;
3845;
4923;
5658;
2700;
2661;
6907;
809;
5080;
3455;
651;
3938;
4410;
1616;
3325;
3388;
2227;
1246;
7279;
4834;
2093;
1443;
4320;
5885;
36;
6378;
2991;
6564;
6939;
7145;
8999;
9300;
831;
9411;
5537;
8510;
2138;
5357;
8681;
8305;
5504;
2365;
1094;
9997;
3557;
1369;
3411;
2518;
227;
2183;
8939;
9977;
9029;
3980;
9414;
5710;
8330;
6253;
8106;
7934;
23;
842;
7006;
2599;
7089;
1114;
9294;
4334;
8489;
4609;
1144;
3054;
6542;
9409;
9828;
8953;
1150;
4668;
4738;
2504;
6715;
5838;
8088;
7026;
3240;
2305;
4634;
9500;
3763;
9612;
9335;
8369;
6136;
9546;
3900;
9538;
768;
4053;
978;
4136;
8823;
3617;
525;
1031;
6394;
786;
368;
256;
1977;
604;
1888;
7960;
1214;
8404;
2536;
7557;
4120;
3021;
1252;
6711;
2290;
2331;
127;
3156;
6122;
4386;
9894;
7296;
7009;
6610;
5259;
1347;
461;
3384;
5943;
668;
7898;
7693;
580;
177;
4816;
7096;
1298;
3154;
9986;
9073;
866;
6682;
7812;
5155;
6740;
3664;
4855;
1871;
2174;
3209;
7105;
1329;
478;
1370;
9715;
584;
7861;
5159;
5119;
5387;
4159;
4284;
1583;
8561;
2172;
8182;
9498;
2385;
7165;
9953;
9589;
8578;
6413;
7050;
9240;
7185;
4300;
5495;
7681;
3665;
2977;
6951;
7100;
751;
1416;
8208;
4878;
9381;
1286;
1391;
8462;
1019;
2635;
1172;
1319;
5728;
9634;
9170;
9117;
1717;
7726;
1436;
4601;
7945;
280;
9089;
7936;
5982;
781;
9545;
2260;
6784;
3847;
7217;
8380;
9563;
5712;
5204;
5512;
5306;
2245;
9670;
3247;
8971;
8943;
5598;
2226;
5978;
7516;
3303;
6640;
6981;
8793;
9718;
3025;
6106;
7153;
8708;
6866;
3136;
4440;
693;
2334;
9219;
3287;
2000;
9425;
2871;
7397;
7005;
9014;
7020;
5269;
7729;
1111;
2043;
2314;
4925;
2453;
4943;
4161;
9065;
9679;
8319;
5863;
2384;
8272;
7597;
7787;
5703;
1381;
6512;
4600;
7369;
8084;
5222;
7447;
2709;
8727;
8707;
800;
2237;
3484;
5473;
6152;
9297;
2413;
9429;
7335;
3936;
5113;
5582;
4309;
5103;
3508;
1746;
2529;
3363;
9535;
9336;
3310;
2256;
9204;
1483;
2546;
8822;
5004;
2842;
8455;
3039;
2904;
4231;
271;
1874;
5719;
2458;
766;
3777;
5713;
169;
4631;
7620;
4552;
3625;
8035;
6774;
5149;
1407;
7194;
5722;
380;
9082;
1401;
3086;
6293;
4434;
4794;
5606;
9706;
5254;
7297;
2918;
8005;
6342;
2616;
7161;
8597;
2976;
8447;
7506;
8737;
4915;
1930;
1517;
8175;
4820;
1510;
5665;
8043;
6766;
7606;
5608;
9214;
910;
4235;
6880;
3613;
5201;
8219;
3974;
8006;
2082;
7434;
4195;
8364;
4213;
5281;
4341;
8840;
4904;
2078;
5160;
4011;
138;
5087;
5314;
8265;
4049;
7147;
7201;
9611;
6665;
9799;
9646;
6347;
3721;
4444;
4566;
178;
8775;
5720;
4362;
7971;
996;
2810;
7431;
2762;
3362;
6595;
7746;
251;
6090;
9665;
4685;
1987;
5329;
8528;
930;
4576;
7033;
9835;
4833;
7392;
3621;
8138;
1068;
6953;
7283;
650;
8181;
4941;
5284;
8814;
5522;
4873;
5809;
9655;
3733;
1756;
9661;
8235;
3042;
7670;
4278;
966;
9580;
7967;
2096;
24;
3350;
5872;
2753;
3968;
1630;
3797;
365;
7150;
2432;
7425;
854;
4967;
3461;
7558;
7837;
2800;
7912;
2485;
7672;
1553;
396;
6175;
7419;
3606;
2545;
7844;
8133;
3496;
6812;
5299;
8709;
9648;
8017;
5169;
1071;
3207;
7383;
4295;
9432;
5691;
9477;
9463;
9020;
5181;
1608;
1975;
743;
5014;
8210;
587;
1995;
3614;
1740;
7528;
8672;
4114;
6112;
8350;
9532;
5727;
6367;
3759;
4085;
9283;
1180;
5308;
255;
8269;
7243;
3166;
3941;
4764;
4001;
5544;
6125;
2394;
5736;
3893;
7071;
6036;
486;
4382;
9626;
8494;
3095;
937;
577;
1843;
9109;
8690;
9081;
8685;
7205;
2630;
7630;
3531;
3929;
8955;
5861;
2263;
7946;
9876;
6400;
6033;
4316;
7242;
225;
5126;
153;
3846;
1643;
5277;
4204;
3997;
6915;
5637;
581;
8983;
5293;
5875;
9740;
8602;
841;
4628;
5629;
6612;
9592;
3739;
1442;
8738;
7932;
5850;
2266;
2596;
2843;
4569;
5154;
7885;
2376;
5533;
7925;
6855;
2996;
2716;
5030;
7561;
1955;
7054;
1672;
9760;
7988;
7317;
8594;
7316;
1530;
3770;
415;
8468;
5942;
1118;
4108;
6456;
7423;
4559;
6741;
5558;
6354;
5611;
2001;
5854;
5464;
2601;
8595;
4349;
8832;
2372;
9430;
8488;
8004;
1160;
3255;
3365;
126;
1962;
4014;
6435;
6139;
81;
6142;
3669;
941;
3351;
1548;
7451;
95;
1935;
3470;
3816;
3981;
3693;
1047;
9051;
8130;
7625;
8686;
7607;
2781;
2374;
9095;
7641;
907;
8036;
4557;
1631;
2971;
3298;
7055;
9801;
6893;
9932;
7740;
1656;
149;
4035;
3044;
2165;
4869;
6988;
2524;
5607;
1050;
1428;
7454;
1490;
4768;
3004;
2941;
3033;
2748;
7820;
897;
3647;
7948;
1635;
6515;
252;
2942;
6107;
3359;
3191;
7086;
3100;
3504;
6773;
6944;
9523;
7951;
2739;
5938;
5944;
1518;
1484;
265;
2939;
6780;
6217;
193;
6616;
6126;
5701;
6267;
3406;
9822;
58;
6148;
1597;
5989;
4647;
7776;
404;
9714;
9207;
3824;
445;
4850;
4073;
9623;
8401;
3908;
5488;
4260;
1895;
1076;
6408;
5337;
8961;
9349;
1021;
412;
9136;
6827;
5107;
7166;
4032;
7589;
1421;
1653;
54;
1606;
5200;
5878;
1988;
4735;
2050;
116;
4696;
1994;
8630;
3441;
672;
1420;
5253;
7798;
982;
6997;
6690;
6605;
9848;
6079;
2180;
4406;
8205;
439;
6390;
8012;
3402;
7793;
1765;
9659;
7708;
7879;
7114;
3322;
6691;
2320;
7842;
2474;
5470;
2595;
5156;
4602;
8332;
4207;
8329;
8728;
4781;
1167;
8864;
3548;
2618;
9027;
6398;
4952;
2707;
8658;
4169;
7499;
2542;
5045;
1885;
7075;
4323;
6189;
8987;
173;
5730;
8633;
7299;
4528;
5851;
3413;
3232;
2184;
9049;
2095;
1199;
1575;
5767;
6936;
5841;
3315;
3782;
9062;
9053;
5010;
9271;
5897;
5517;
2701;
1449;
2407;
4791;
9961;
1228;
4066;
5536;
4814;
4411;
5353;
5825;
8450;
6825;
1938;
1030;
4036;
5016;
5471;
560;
3817;
9704;
683;
6207;
1075;
7157;
3631;
9631;
9707;
8944;
3679;
8078;
9066;
1256;
1211;
7555;
6530;
11;
3224;
5690;
8136;
4189;
8270;
2003;
7905;
8651;
2930;
5871;
3994;
1688;
9330;
9123;
2866;
9244;
1823;
2960;
3911;
6646;
1719;
2144;
3735;
8491;
4909;
6366;
6882;
4474;
1901;
4713;
2845;
5766;
676;
2077;
9998;
9248;
3593;
3497;
3202;
3444;
7046;
8186;
3251;
5449;
1997;
718;
4318;
6460;
191;
7963;
9522;
9153;
5065;
6664;
1207;
4377;
8370;
3872;
2579;
5668;
4689;
6905;
6470;
156;
9480;
756;
9672;
9680;
5250;
4913;
8285;
7566;
539;
6061;
2285;
3599;
8598;
1722;
3831;
103;
5548;
848;
4930;
474;
5;
8296;
7290;
969;
9226;
5453;
6954;
2730;
2205;
9945;
5773;
6157;
867;
7862;
4329;
9711;
9375;
4651;
8430;
2951;
4811;
381;
3028;
9251;
1396;
6154;
2507;
8979;
5273;
2973;
1814;
3102;
9175;
6817;
9188;
1905;
1915;
7142;
7995;
6832;
2489;
8097;
318;
3603;
3273;
4992;
6405;
4146;
3400;
1312;
8007;
9060;
6782;
4254;
6442;
6229;
6524;
9632;
1957;
3609;
5704;
4497;
6335;
3288;
9509;
7017;
2675;
6370;
5596;
355;
6960;
436;
3089;
8888;
4157;
1773;
3066;
9676;
6391;
6484;
3705;
9039;
5578;
1339;
729;
618;
1395;
1797;
3075;
3719;
3959;
5505;
2970;
1481;
2108;
9834;
4171;
6892;
8155;
5440;
371;
3334;
4745;
1039;
8993;
1921;
5452;
7870;
7413;
504;
7124;
5258;
6560;
5940;
4450;
7446;
1327;
6111;
5568;
347;
674;
5652;
3971;
2213;
311;
1029;
4435;
3862;
2695;
4123;
5129;
8582;
5208;
4594;
9478;
7694;
7300;
4355;
2175;
3144;
4274;
2756;
4918;
9311;
2723;
4024;
6236;
7657;
4425;
6815;
9989;
3634;
175;
1292;
776;
1206;
250;
5290;
2176;
9877;
5175;
919;
232;
6602;
6837;
483;
158;
4380;
3937;
9194;
331;
9896;
9005;
7108;
9134;
9862;
7492;
5139;
361;
2024;
2341;
6117;
1652;
9422;
2136;
217;
4534;
9870;
8082;
3660;
7278;
351;
9884;
3428;
3417;
8282;
699;
194;
1296;
6639;
8421;
2863;
206;
4884;
9972;
878;
7378;
6437;
5361;
3035;
48;
4757;
8496;
4954;
5228;
3716;
9132;
1317;
9785;
6271;
3099;
7858;
8826;
9210;
79;
9464;
1667;
5255;
8551;
6549;
1959;
6384;
3655;
7519;
3954;
5312;
5276;
737;
6699;
1109;
2503;
5448;
9380;
6607;
6623;
4427;
3643;
2299;
4826;
9847;
6846;
6407;
5137;
4439;
7310;
680;
5705;
8702;
6473;
7769;
2894;
8243;
3808;
6503;
3171;
5356;
7491;
561;
5463;
5388;
3608;
6934;
2523;
8261;
8558;
908;
340;
6379;
6561;
9551;
4732;
5462;
4237;
7068;
9530;
3306;
283;
7715;
3151;
3316;
3344;
7679;
1879;
9727;
6535;
8074;
6322;
9533;
7538;
3115;
4945;
7309;
638;
3714;
7448;
3894;
8087;
4883;
1979;
363;
5318;
9863;
9433;
4533;
9990;
6974;
3060;
7669;
5682;
4984;
6942;
3161;
4416;
6493;
7811;
7908;
8085;
9329;
6686;
9076;
2264;
6714;
1870;
6449;
5478;
2869;
5891;
7340;
1772;
2446;
5487;
7805;
3663;
853;
7182;
254;
5163;
9889;
7058;
787;
7102;
6213;
5218;
5419;
4874;
9035;
2539;
2200;
2461;
5635;
6138;
7073;
3727;
1357;
724;
8362;
4711;
5821;
2058;
1093;
2033;
100;
8995;
7714;
5523;
5326;
3622;
7615;
7486;
5829;
5416;
8135;
3587;
7140;
7801;
4734;
6681;
702;
2029;
2339;
7598;
5776;
3928;
4191;
2647;
7550;
134;
3793;
4655;
6611;
4971;
5971;
5528;
8695;
944;
1993;
9163;
9927;
1760;
6788;
449;
8245;
1285;
2141;
2533;
6679;
873;
1527;
3127;
793;
6902;
972;
1103;
3424;
9277;
2929;
2422;
6276;
593;
9267;
744;
285;
2460;
5133;
2720;
762;
60;
6508;
610;
5962;
1127;
3122;
3389;
3248;
9084;
8096;
3223;
406;
8932;
1778;
7677;
3772;
9022;
9407;
1875;
7018;
49;
6266;
7649;
7517;
9071;
9101;
1;
6785;
9038;
5033;
5500;
1853;
2819;
4139;
6935;
4153;
7424;
2946;
1855;
7190;
3560;
306;
7066;
8286;
3995;
3682;
1465;
5183;
5911;
5494;
4705;
9882;
1174;
9745;
6423;
850;
448;
8754;
3398;
2773;
4026;
9663;
9657;
7536;
9783;
3464;
8862;
7664;
8416;
328;
8292;
9794;
2500;
5674;
764;
5384;
819;
5573;
5247;
7977;
1849;
8115;
2788;
3387;
8124;
6626;
1982;
531;
8287;
7047;
2457;
2110;
8749;
1216;
1633;
7493;
7388;
7220;
3336;
8481;
8232;
3868;
6718;
9113;
3503;
5970;
9235;
2932;
2090;
685;
7704;
1372;
9222;
7850;
9133;
802;
3020;
6732;
2125;
918;
9254;
4067;
1184;
8391;
144;
9652;
4150;
2157;
6193;
7184;
5930;
9755;
4830;
3879;
2952;
2525;
5368;
6005;
8139;
98;
4101;
8833;
7101;
2591;
3403;
1173;
7600;
5887;
1903;
957;
5559;
7979;
5372;
6539;
5706;
2553;
1701;
8757;
5320;
4606;
7608;
7791;
477;
3422;
2445;
9808;
5580;
1265;
7258;
4822;
1800;
75;
1655;
4168;
6672;
2072;
9245;
1196;
4700;
1360;
476;
6804;
356;
2990;
2751;
5874;
652;
3569;
5343;
7604;
8253;
6712;
287;
5807;
3236;
4225;
1163;
4324;
122;
7797;
6078;
5115;
5046;
8241;
4527;
1669;
8632;
6070;
8543;
7348;
5754;
3029;
7246;
5340;
3131;
1447;
5843;
4541;
5770;
386;
5093;
6287;
1587;
3969;
7137;
4592;
6911;
1438;
7629;
4179;
3993;
6083;
5835;
723;
3573;
4019;
6697;
7449;
9120;
1480;
2199;
7010;
5532;
9404;
8565;
7022;
9568;
4429;
595;
3057;
8889;
1302;
9584;
7576;
6958;
1805;
3778;
3577;
9994;
8687;
2571;
108;
796;
6849;
1550;
894;
8194;
1005;
7002;
8160;
7227;
9025;
3520;
4573;
8351;
7277;
9899;
9831;
5197;
2277;
1460;
6469;
7928;
5624;
2765;
7816;
825;
5945;
540;
3543;
1397;
7303;
1014;
6558;
3124;
1231;
3296;
5739;
6819;
1648;
5919;
9812;
1619;
9926;
9784;
8427;
2776;
4282;
6543;
5465;
2356;
64;
5907;
2519;
6197;
8571;
964;
2462;
6192;
7339;
4819;
4998;
2628;
8938;
1305;
2968;
6845;
4838;
4433;
4596;
6153;
3318;
2064;
9156;
5410;
3370;
2057;
1897;
8195;
8248;
6653;
7790;
8656;
8673;
3803;
601;
487;
4974;
7109;
2258;
5396;
9819;
5242;
1986;
6989;
6387;
9182;
1053;
9853;
3760;
9410;
1410;
4271;
230;
7040;
8569;
1478;
8560;
7725;
2814;
1366;
4619;
5173;
7428;
530;
2755;
5998;
1919;
5592;
6436;
9107;
811;
622;
3820;
2316;
3556;
3998;
5783;
8811;
6589;
7947;
2223;
3419;
9346;
5917;
8867;
2585;
4547;
1758;
7588;
8045;
9964;
5121;
9741;
7642;
8423;
4176;
5563;
9176;
4226;
1232;
5345;
3750;
7727;
9496;
8137;
157;
4432;
9744;
8049;
8322;
8252;
5012;
9537;
3912;
1464;
816;
1878;
4853;
1708;
8094;
8156;
4418;
8859;
1904;
5311;
6978;
2933;
6856;
9282;
6904;
8226;
626;
6480;
4899;
2287;
8923;
8766;
2318;
8799;
6027;
8852;
187;
8313;
871;
7543;
6803;
9152;
2655;
1798;
2702;
8899;
4070;
9447;
168;
6649;
7188;
5295;
3674;
7498;
2241;
8919;
8770;
2019;
975;
4555;
4455;
772;
5117;
4060;
2463;
9070;
7466;
7547;
1649;
8326;
4703;
791;
6761;
2455;
246;
1057;
2517;
5041;
900;
9820;
7841;
8444;
1967;
9766;
1565;
3130;
5477;
5797;
9674;
1361;
2257;
7591;
6445;
3591;
4845;
7645;
5451;
8471;
7691;
3468;
9728;
4283;
7683;
9981;
8493;
76;
2383;
5367;
291;
3059;
5848;
3237;
6816;
7601;
826;
9333;
1190;
7876;
2512;
3047;
1641;
2809;
9454;
2610;
9110;
2248;
9654;
5023;
2564;
3482;
2899;
2296;
4134;
7241;
4111;
2437;
6776;
7384;
9033;
2938;
411;
6300;
707;
3438;
8179;
5346;
1693;
7059;
882;
3001;
1341;
9773;
929;
6550;
2844;
8311;
1929;
9216;
1273;
3945;
6278;
3586;
4808;
2715;
4005;
7846;
8903;
992;
7041;
92;
3451;
5572;
3465;
2348;
350;
53;
3208;
8877;
602;
6462;
3585;
186;
6101;
3509;
2268;
8193;
9804;
5105;
3241;
9028;
9827;
7893;
3217;
1748;
4584;
7501;
5931;
9731;
7053;
6158;
7403;
42;
1741;
6843;
1887;
3173;
5262;
949;
8394;
6265;
9856;
6045;
4597;
5729;
3627;
3644;
1763;
9093;
8935;
6753;
576;
7366;
2725;
6093;
4736;
863;
2211;
7432;
6356;
4262;
8101;
9017;
556;
5753;
4493;
1235;
6091;
9301;
1978;
2862;
8765;
4387;
1095;
2906;
7256;
658;
6511;
362;
8142;
2958;
1446;
5924;
8572;
9610;
8199;
3476;
5681;
5335;
7828;
15;
7122;
4160;
1738;
6064;
322;
2698;
4593;
4849;
9114;
2328;
3469;
6419;
6121;
5359;
235;
7700;
8003;
185;
7617;
1678;
6478;
8276;
1469;
1243;
3473;
1248;
7172;
3155;
2782;
3079;
669;
1525;
8951;
7381;
6290;
344;
6393;
9705;
7337;
384;
6931;
2774;
6546;
3426;
3672;
5552;
1742;
5047;
4460;
9681;
9596;
4126;
8132;
5864;
1983;
2020;
224;
8550;
7461;
7014;
2744;
8949;
3267;
1644;
5927;
4829;
1433;
2117;
8950;
3919;
6380;
7044;
7786;
2793;
74;
5514;
2340;
7913;
1958;
4784;
8910;
7285;
7567;
6565;
7228;
91;
6871;
9825;
2966;
7260;
7170;
6869;
101;
9373;
3270;
2301;
5636;
7833;
8958;
442;
7933;
2678;
517;
6386;
8970;
4843;
9127;
8040;
1439;
9146;
8492;
6261;
9044;
4268;
3229;
5697;
7874;
710;
5072;
1142;
4554;
9338;
7916;
5617;
808;
3629;
6447;
6677;
1291;
8922;
8786;
7788;
2358;
2791;
8564;
82;
5761;
6650;
4999;
9686;
5288;
2590;
1626;
653;
1889;
6982;
1710;
5165;
2390;
9742;
9002;
8717;
586;
2646;
5541;
8744;
799;
4667;
2378;
4167;
9408;
8379;
4358;
4110;
9196;
1679;
7212;
2848;
1562;
7282;
8217;
7575;
3443;
542;
9230;
7660;
3594;
2733;
9417;
6918;
8044;
5190;
7926;
9726;
7131;
1383;
9122;
5342;
6678;
8141;
119;
3726;
8348;
366;
226;
7391;
4872;
493;
455;
485;
6889;
5656;
8;
9059;
6222;
9779;
3738;
2964;
8337;
7326;
5130;
428;
129;
7860;
3527;
6298;
8336;
9841;
8315;
1676;
4252;
686;
8872;
9605;
5013;
4149;
6604;
4704;
4446;
687;
3802;
4339;
4694;
9957;
6705;
5903;
769;
574;
5839;
2623;
4996;
4540;
6583;
2740;
2985;
868;
2689;
8056;
7713;
7716;
1899;
3518;
2679;
1290;
1456;
861;
1306;
832;
8310;
5109;
8973;
770;
464;
3126;
2185;
3045;
5339;
8866;
7104;
4864;
3108;
7794;
7374;
6459;
3414;
9458;
9873;
3562;
9287;
8904;
7465;
6957;
7088;
9487;
1486;
4746;
6943;
1663;
9743;
4622;
2694;
9040;
9788;
2197;
8568;
8288;
2423;
1454;
6791;
2207;
5131;
3049;
1417;
3189;
3226;
3447;
68;
9602;
2415;
6438;
7476;
7983;
5749;
1770;
7839;
5781;
3526;
5053;
9434;
5655;
7894;
1703;
8892;
3918;
1315;
6645;
7734;
312;
1603;
8719;
7083;
9594;
4844;
433;
5621;
26;
9781;
5814;
3698;
8486;
8388;
5804;
3833;
166;
3575;
7379;
9342;
6971;
3050;
5279;
1674;
9197;
8109;
6606;
9579;
5315;
7849;
7514;
5913;
4364;
5785;
1780;
7344;
9125;
4451;
5928;
4825;
6167;
6353;
4643;
8981;
6410;
4022;
6548;
8699;
8479;
5125;
8262;
1041;
7710;
4916;
3068;
4336;
3624;
3292;
4348;
7376;
4122;
3794;
8050;
390;
6008;
5983;
2433;
9688;
5481;
615;
9518;
5570;
473;
5402;
3768;
6313;
1868;
3676;
1255;
3891;
8127;
6658;
1426;
1520;
9309;
8470;
3985;
4023;
3970;
8477;
9325;
8880;
5499;
6485;
6087;
4491;
3948;
4367;
7687;
7390;
9637;
2016;
8091;
6295;
8984;
466;
8129;
4898;
6228;
6813;
5229;
8996;
7959;
3493;
502;
5231;
1665;
9885;
4612;
7116;
5369;
548;
8912;
8221;
6479;
1707;
9497;
5195;
7878;
5099;
1015;
2149;
9778;
2430;
3454;
6996;
5450;
1806;
5904;
7113;
5525;
3686;
3031;
1399;
392;
3987;
8327;
1969;
6349;
6046;
8366;
9624;
5177;
8785;
5454;
5076;
4;
4438;
1639;
5633;
1570;
4183;
4985;
2039;
9444;
7230;
4113;
6439;
1543;
3709;
2294;
7268;
8267;
4979;
7756;
7174;
3215;
8079;
514;
5270;
2936;
5915;
4298;
3276;
3281;
4577;
4718;
9457;
457;
9837;
8162;
8324;
6476;
4611;
2665;
7274;
958;
320;
8382;
3766;
5585;
352;
9774;
1238;
1709;
1513;
3844;
6211;
2325;
4742;
3097;
5035;
8836;
4305;
738;
9558;
3781;
833;
1389;
69;
1601;
3783;
5828;
1642;
2743;
7986;
2130;
7643;
2467;
2346;
5355;
3950;
9725;
9238;
4972;
670;
874;
2922;
666;
6806;
2784;
2493;
6755;
7955;
7646;
5768;
9519;
3571;
3976;
7877;
5902;
2989;
2410;
7387;
8150;
5082;
8000;
1893;
1176;
6424;
5092;
922;
1224;
8743;
5672;
426;
5185;
720;
746;
7313;
6185;
5409;
2687;
3203;
6385;
1544;
3788;
3754;
6190;
518;
7204;
2162;
5675;
2632;
7647;
2161;
6365;
2238;
7535;
3219;
1954;
5135;
7438;
8367;
5641;
741;
4018;
7269;
2208;
1560;
1956;
5877;
6363;
2274;
2434;
7271;
1690;
3866;
1445;
6220;
1009;
1767;
3662;
2373;
5268;
870;
7757;
830;
3375;
2864;
6025;
4249;
4155;
9233;
828;
4369;
6383;
4344;
9104;
4477;
2361;
7652;
2363;
241;
3297;
5953;
594;
7718;
9514;
3965;
1151;
6007;
1440;
147;
3177;
1650;
9763;
1961;
2111;
5784;
5264;
9697;
8268;
7572;
5392;
7321;
509;
6381;
1393;
7327;
4269;
8622;
1217;
5489;
2760;
2190;
152;
9334;
1491;
8850;
1414;
3638;
1125;
7481;
3074;
3611;
9241;
6468;
2963;
4626;
7789;
7396;
3077;
4637;
7954;
7171;
3041;
9308;
7609;
4928;
8046;
1576;
1323;
9789;
5292;
8617;
4289;
569;
223;
9476;
6055;
5561;
8176;
1944;
1102;
4484;
7135;
3425;
2955;
4861;
9593;
9481;
2137;
2611;
8456;
6371;
5157;
7852;
9664;
5846;
3598;
4582;
7459;
5332;
3734;
6728;
8376;
8442;
4772;
2728;
1119;
8469;
4299;
948;
8941;
9415;
2780;
3323;
6149;
2275;
7891;
2391;
6376;
9892;
6568;
2982;
9441;
9543;
8610;
6975;
8433;
8505;
5695;
1379;
5520;
4142;
2367;
2919;
8627;
9871;
229;
9521;
5745;
9395;
6209;
7361;
2768;
5946;
8541;
7759;
642;
8533;
523;
6581;
2272;
5220;
3456;
7866;
4220;
3602;
1192;
162;
3564;
9193;
9460;
4106;
7873;
1376;
9618;
7148;
9456;
9534;
9597;
154;
5726;
1704;
5150;
3545;
4790;
9717;
1314;
8815;
1018;
9867;
431;
6757;
4033;
8587;
7215;
7245;
1856;
8946;
2271;
3195;
6284;
1429;
133;
5358;
6633;
3475;
1989;
4944;
7416;
7375;
8893;
2359;
6890;
391;
9167;
8761;
8763;
7823;
3036;
9473;
8762;
9845;
8013;
5506;
1365;
1444;
3067;
3713;
3810;
4586;
5302;
3821;
1514;
4524;
3773;
10;
5884;
453;
9732;
6622;
7612;
7978;
4403;
4378;
1864;
9412;
2994;
8089;
7177;
5153;
3259;
3176;
612;
568;
2037;
4091;
5886;
4977;
3331;
3249;
2406;
5742;
2789;
4437;
9966;
857;
3796;
1914;
8360;
7272;
877;
761;
1629;
4799;
2336;
4827;
1596;
5812;
6065;
6885;
393;
4412;
6529;
5083;
2127;
3515;
6063;
3758;
954;
4942;
9393;
4293;
203;
2769;
2187;
8411;
9647;
1000;
3924;
695;
6214;
3394;
85;
2022;
4663;
8029;
6952;
1182;
7445;
4529;
424;
1325;
1169;
9993;
9786;
8131;
876;
3956;
4193;
763;
9574;
8275;
8338;
7189;
976;
5613;
7433;
8948;
6089;
522;
199;
2267;
4502;
7019;
4618;
9328;
2106;
6029;
648;
385;
4769;
2879;
1304;
2283;
6299;
7624;
7810;
2506;
8546;
3383;
2464;
1900;
3523;
3141;
7119;
1882;
6255;
8409;
8753;
1133;
6301;
5188;
1205;
7329;
1342;
6319;
4956;
2198;
5019;
9154;
1017;
2352;
7827;
991;
3069;
8120;
1202;
454;
6019;
9128;
3012;
299;
2088;
7819;
7139;
277;
9573;
52;
8640;
845;
6422;
6933;
7355;
484;
9032;
1968;
4937;
1863;
8065;
6144;
1609;
9913;
2360;
5750;
6127;
1129;
9080;
1089;
5649;
1313;
4563;
9818;
7270;
6759;
1846;
6338;
4124;
3070;
4670;
3271;
4184;
9753;
2592;
6695;
5920;
9213;
6020;
9270;
6577;
3567;
8206;
7485;
4012;
3040;
4253;
4568;
8466;
9068;
2956;
4304;
7134;
6498;
7342;
6409;
6962;
9466;
3926;
6505;
6281;
4981;
5420;
912;
3881;
114;
985;
3449;
5223;
7178;
9474;
801;
9398;
59;
9934;
8842;
1952;
8808;
1892;
7775;
4359;
475;
8174;
4069;
228;
9443;
8092;
9337;
3279;
2031;
8298;
9211;
2017;
6627;
4055;
1162;
8646;
8827;
1230;
2984;
7709;
8202;
2829;
456;
2134;
965;
9995;
3875;
2913;
7512;
883;
7650;
7480;
5021;
6497;
236;
8164;
4545;
9439;
8849;
5437;
5341;
6068;
2514;
5806;
4526;
4532;
3917;
1523;
6637;
8689;
6945;
8884;
1610;
1697;
9633;
1492;
5909;
9850;
3534;
4859;
8227;
4224;
4210;
7144;
3957;
8386;
403;
160;
6916;
2194;
8478;
3943;
9940;
4802;
9383;
4392;
6930;
2232;
444;
9472;
262;
4501;
3590;
8381;
1561;
9759;
5221;
1803;
3264;
376;
8992;
8688;
4997;
2142;
5631;
146;
8059;
8812;
6786;
1087;
564;
9450;
893;
3487;
9285;
847;
9255;
3848;
4357;
6570;
8413;
5743;
3979;
7460;
7330;
2535;
2926;
2053;
2068;
8249;
7477;
904;
3729;
9878;
429;
4536;
1506;
8473;
1764;
6830;
5028;
4037;
3184;
1658;
3852;
7568;
8499;
5052;
7832;
9691;
2835;
5534;
5458;
9816;
5896;
4181;
8223;
3111;
7370;
9052;
7149;
6039;
7869;
4487;
9298;
7698;
1623;
2643;
4770;
5429;
9999;
6237;
5664;
4805;
2815;
9891;
9833;
591;
430;
4453;
9164;
7577;
6919;
8751;
2667;
353;
2447;
5699;
7991;
6421;
6617;
7701;
4578;
8649;
6510;
4934;
3385;
6545;
9427;
6927;
4798;
3818;
5301;
8683;
480;
7251;
1100;
628;
5889;
3853;
4141;
400;
8778;
3525;
5168;
920;
4737;
1728;
6613;
5780;
7007;
1912;
6491;
7880;
1996;
906;
8733;
7311;
6247;
3258;
20;
6069;
9914;
3547;
3026;
9802;
6805;
9249;
7989;
2265;
4007;
8363;
2338;
3109;
3190;
8834;
822;
3792;
5192;
896;
754;
