4713;
1345;
4653;
4117;
1135;
401;
2711;
2820;
4561;
4861;
394;
2898;
1650;
2861;
3534;
4502;
4304;
1608;
1801;
4852;
3522;
4609;
1552;
4678;
909;
4716;
3538;
4018;
1861;
274;
3079;
2269;
1178;
4526;
4589;
4872;
4141;
845;
1829;
945;
3277;
2013;
3157;
3088;
587;
3363;
3611;
4567;
4952;
1740;
2318;
1575;
3181;
128;
3012;
43;
3500;
3564;
2444;
2634;
2594;
3516;
553;
1380;
2182;
4649;
4296;
1648;
4477;
4633;
23;
2565;
437;
1767;
3486;
1899;
2892;
3396;
722;
1592;
3228;
4294;
592;
1877;
1905;
1497;
2929;
3699;
1870;
4527;
305;
882;
4017;
1344;
4751;
557;
2419;
4049;
3797;
3856;
2156;
233;
2226;
1678;
2806;
3086;
2520;
3080;
4631;
399;
2932;
930;
216;
1845;
2843;
3507;
4886;
333;
4238;
4666;
3503;
235;
3428;
528;
285;
510;
130;
2395;
2169;
637;
341;
2339;
9;
2725;
2197;
4341;
1111;
2055;
1727;
1588;
3142;
4707;
3967;
3733;
181;
173;
2626;
4746;
788;
2956;
2267;
2552;
1739;
365;
908;
823;
4139;
1412;
1850;
2757;
4466;
4750;
2187;
3921;
4644;
3694;
4624;
3068;
967;
2202;
3911;
3815;
1966;
1226;
3938;
218;
702;
4437;
886;
561;
994;
1619;
3935;
3150;
4061;
465;
1547;
4247;
2771;
1286;
4815;
1476;
1583;
3937;
2132;
1852;
1621;
4837;
4019;
3057;
1672;
913;
2425;
1157;
4564;
3213;
1382;
4438;
1772;
2254;
1729;
4163;
824;
2129;
343;
1292;
3188;
2612;
4615;
1264;
647;
2790;
3583;
491;
3848;
2359;
308;
2099;
1579;
887;
4033;
1995;
509;
2505;
3631;
4880;
3133;
3970;
4983;
2236;
2545;
4954;
1763;
3391;
3262;
1045;
751;
4191;
2062;
86;
4146;
2183;
4593;
4035;
2271;
4944;
4473;
4505;
2915;
1333;
3231;
3857;
947;
2536;
1018;
4917;
2380;
3109;
4632;
264;
2759;
2004;
1084;
1630;
4949;
423;
906;
3842;
307;
3397;
1234;
799;
3153;
2964;
2151;
3504;
4703;
2580;
4441;
3289;
3474;
1712;
3390;
4959;
904;
4290;
1281;
29;
1203;
25;
3945;
4598;
2791;
2823;
4711;
3894;
1142;
2342;
1884;
625;
3835;
2165;
2705;
326;
4934;
3535;
2000;
1528;
4925;
856;
4518;
2819;
2476;
1182;
2433;
2461;
3791;
2699;
1964;
3711;
3528;
572;
4737;
813;
645;
2361;
571;
1129;
225;
1747;
1467;
2199;
742;
975;
803;
560;
348;
692;
544;
3303;
3399;
2160;
3566;
1565;
4888;
3024;
4898;
4010;
1498;
4016;
4835;
4129;
4470;
1534;
2471;
4517;
3674;
2690;
2278;
486;
4358;
1189;
417;
3614;
2795;
3540;
1949;
2669;
1600;
3040;
3258;
4176;
2479;
1858;
3590;
147;
1855;
849;
2061;
1720;
4522;
251;
3355;
3884;
3136;
2350;
4145;
3398;
411;
2143;
4013;
1473;
3279;
999;
4077;
4323;
4055;
2984;
4206;
1981;
3180;
1332;
2149;
3850;
2378;
124;
1838;
3888;
2728;
4996;
1933;
4329;
3843;
80;
1880;
207;
594;
4345;
1837;
4806;
826;
3871;
3353;
3934;
2569;
3059;
3709;
2930;
2701;
2020;
2621;
387;
1064;
3621;
2117;
269;
2277;
3091;
3439;
2628;
2222;
1499;
4202;
2576;
3600;
3314;
2766;
10;
2880;
2689;
2281;
3388;
3897;
4300;
4396;
688;
4849;
4170;
973;
713;
893;
4874;
1513;
3625;
2411;
1101;
4535;
3351;
48;
211;
4454;
3862;
4276;
603;
517;
2564;
3731;
2347;
3045;
4447;
1082;
1674;
4217;
3274;
1627;
3060;
4856;
4494;
586;
1284;
2468;
4298;
4098;
2732;
362;
1689;
2508;
2082;
2465;
3735;
718;
1119;
2525;
842;
1080;
4581;
2510;
85;
2980;
248;
460;
3335;
4826;
1400;
4960;
3247;
4074;
552;
1869;
3790;
3740;
1992;
1192;
2388;
1050;
282;
4588;
4900;
910;
1166;
209;
471;
950;
2161;
3465;
4807;
3245;
2624;
4656;
693;
2599;
3996;
3203;
2939;
4752;
4982;
4100;
731;
4363;
2719;
2345;
1105;
2822;
1683;
4112;
2048;
1786;
3961;
4243;
2189;
2134;
3171;
2044;
4002;
562;
1937;
3718;
4492;
3958;
4621;
2458;
2961;
4730;
726;
3182;
3075;
502;
3576;
4211;
1980;
4677;
344;
4199;
3809;
4770;
363;
3177;
1593;
1138;
987;
4246;
1337;
2421;
1616;
2697;
2553;
4069;
1059;
1174;
1261;
3804;
4313;
928;
2519;
2494;
2718;
779;
1027;
3032;
2289;
439;
3977;
656;
1029;
322;
3152;
660;
3707;
4235;
2042;
4727;
4667;
483;
1043;
4908;
258;
2104;
2665;
3018;
659;
1033;
2981;
3767;
3286;
2512;
1557;
698;
4479;
452;
1432;
2431;
1609;
3914;
3913;
41;
3083;
356;
4316;
3536;
1771;
4565;
3029;
3876;
4102;
750;
1087;
756;
1196;
1545;
4674;
4793;
3640;
3971;
781;
3038;
1227;
4028;
3447;
3581;
4805;
3047;
2255;
2530;
3284;
4080;
1960;
3669;
4250;
2415;
1191;
4384;
1856;
4408;
1493;
527;
2700;
4084;
2275;
2414;
39;
595;
4924;
2848;
3209;
3246;
2623;
2272;
4070;
3678;
4975;
2106;
1179;
1052;
139;
2261;
4245;
3444;
4004;
3442;
2742;
1589;
1562;
2764;
3619;
1365;
2370;
1751;
4291;
4455;
4227;
3225;
1983;
4878;
4676;
4903;
3849;
1066;
710;
2466;
2274;
2123;
200;
3260;
2901;
4342;
2881;
3676;
598;
4965;
3533;
3803;
3552;
3020;
2993;
2909;
536;
1353;
2754;
2789;
2828;
1484;
476;
92;
2749;
2325;
4419;
99;
1921;
2191;
2027;
220;
963;
1584;
2551;
1460;
661;
454;
2453;
115;
965;
843;
2308;
4175;
2601;
3978;
4915;
4122;
1279;
1556;
3805;
1238;
4756;
4760;
2900;
3099;
4563;
3554;
515;
1520;
1295;
469;
3728;
3383;
2851;
1452;
650;
3927;
4212;
3035;
2841;
4282;
2364;
420;
2666;
4769;
389;
1145;
3899;
4608;
18;
1629;
4042;
2482;
1133;
2985;
2017;
3051;
331;
4775;
1120;
1749;
4444;
332;
4669;
2168;
4554;
4699;
1890;
1950;
3050;
1994;
782;
866;
1302;
4936;
3787;
3423;
4353;
1506;
4976;
2146;
1440;
2443;
1753;
2674;
2827;
4783;
2660;
2467;
196;
1793;
1230;
926;
3920;
1428;
3370;
4953;
4262;
1431;
4355;
1300;
4698;
1002;
4620;
3266;
4616;
1405;
280;
4652;
4766;
3304;
1304;
3902;
1814;
171;
2644;
66;
4729;
237;
1000;
4409;
2109;
613;
861;
1918;
1973;
2610;
2687;
4499;
4180;
166;
3362;
4090;
4819;
4734;
4665;
4103;
4514;
1271;
2470;
3582;
3210;
330;
728;
3617;
2058;
2424;
1623;
293;
2809;
554;
4922;
4802;
1987;
2184;
4906;
1696;
3916;
42;
4330;
2598;
2128;
892;
1943;
3416;
3833;
785;
2566;
2729;
2860;
231;
1241;
684;
4279;
4418;
503;
3686;
1710;
1844;
64;
1923;
1051;
4516;
350;
1660;
2679;
2774;
925;
4754;
1324;
985;
2296;
249;
388;
1450;
3578;
2376;
84;
3776;
1163;
2257;
4836;
890;
3085;
4781;
2890;
3108;
4735;
2050;
2548;
3039;
4510;
2039;
2145;
4684;
4789;
2883;
2008;
3162;
4404;
90;
325;
2609;
4790;
1294;
2463;
3990;
1316;
3049;
538;
109;
3746;
4328;
3742;
1275;
2115;
4066;
3463;
1902;
472;
275;
4599;
2035;
2977;
3271;
3867;
353;
1077;
700;
4482;
3506;
4453;
414;
3070;
58;
841;
3594;
2379;
2445;
1841;
1656;
614;
4194;
1269;
4507;
1501;
4860;
4168;
3462;
88;
3366;
3702;
1873;
653;
3261;
382;
4369;
980;
573;
3523;
3123;
3151;
1895;
3164;
366;
4154;
1376;
272;
4543;
4413;
2154;
4570;
3563;
3732;
3321;
4508;
1028;
398;
2018;
2889;
2148;
4379;
686;
3851;
4252;
2259;
4407;
287;
4617;
3389;
482;
4798;
4126;
295;
1518;
1255;
1199;
67;
242;
3509;
427;
1746;
547;
4863;
81;
672;
667;
3719;
1860;
3661;
1381;
1722;
4862;
4162;
555;
1289;
1153;
2437;
1711;
2037;
1276;
663;
2307;
4213;
2428;
1639;
1535;
1183;
2057;
2741;
2578;
4383;
4292;
352;
3650;
392;
484;
717;
3300;
492;
881;
3973;
246;
2383;
2680;
2778;
2488;
2177;
4704;
3890;
1503;
98;
3324;
590;
4174;
3420;
3285;
2292;
1254;
4573;
2673;
2284;
2657;
2715;
101;
2049;
2507;
4027;
3467;
1358;
1596;
4060;
487;
1466;
1647;
4030;
2137;
2373;
4575;
3066;
1152;
809;
1655;
3979;
266;
283;
1931;
182;
3798;
4576;
262;
481;
4392;
1900;
3473;
556;
1853;
4803;
4475;
1633;
512;
1917;
1287;
1765;
1703;
2919;
3783;
3327;
4559;
195;
1448;
4356;
725;
1527;
2474;
2730;
2953;
4023;
3071;
531;
3141;
1539;
4753;
972;
4945;
3825;
203;
190;
4528;
50;
3185;
805;
4651;
944;
1346;
4370;
2009;
2152;
3747;
3976;
4485;
4089;
3197;
2501;
2952;
518;
648;
3364;
2908;
2672;
1288;
665;
212;
3287;
888;
2940;
3501;
2709;
3283;
1340;
1839;
2213;
2496;
4695;
2034;
3829;
1464;
4005;
337;
3061;
721;
679;
4980;
3754;
2527;
2814;
1916;
2245;
971;
1395;
3127;
4462;
4870;
3403;
2713;
711;
853;
4635;
2780;
4820;
3922;
3607;
651;
865;
1419;
4421;
1107;
4614;
3573;
795;
152;
1919;
3799;
2710;
4440;
3268;
3349;
4978;
4623;
2352;
1144;
602;
4143;
4833;
1510;
1117;
4137;
873;
1319;
4201;
4671;
3603;
1615;
616;
3331;
3622;
3484;
3628;
2451;
386;
4337;
3752;
771;
3485;
4544;
2091;
2615;
2338;
400;
620;
2556;
4520;
2600;
1586;
622;
4114;
3272;
4691;
1393;
1649;
373;
1652;
3242;
153;
3724;
1826;
4551;
3407;
1812;
3350;
1752;
2748;
2870;
4585;
186;
4584;
3440;
4165;
1128;
2521;
4231;
4322;
1148;
4192;
550;
4724;
4956;
3026;
3395;
3119;
526;
4821;
3681;
3007;
2747;
623;
1708;
3584;
1491;
4210;
1808;
4731;
3673;
4911;
2664;
4148;
3567;
1404;
4014;
1036;
1088;
4555;
3095;
1402;
4877;
2854;
3456;
45;
431;
17;
2334;
238;
516;
2021;
1695;
3853;
4350;
4200;
3449;
2014;
2122;
384;
4484;
3762;
533;
145;
3575;
748;
4591;
2324;
2368;
1805;
3019;
4810;
3672;
4068;
3301;
1897;
281;
2088;
4278;
2208;
2593;
294;
2449;
3104;
3498;
957;
591;
2487;
1155;
2652;
2248;
114;
2560;
4012;
2438;
969;
1658;
3591;
1868;
1951;
2922;
765;
1391;
38;
4574;
1441;
157;
4063;
1463;
4036;
4736;
4664;
3124;
3249;
2910;
912;
1392;
2279;
4501;
3227;
1055;
4335;
160;
1848;
2333;
3221;
143;
479;
3461;
3191;
2579;
3365;
168;
3452;
4284;
903;
4920;
1807;
1296;
2223;
3861;
4357;
1688;
1613;
2838;
4972;
1573;
1492;
3965;
3802;
447;
2489;
3424;
4511;
3827;
1726;
3626;
4417;
4083;
2173;
376;
3975;
2794;
2943;
4050;
810;
20;
4794;
2948;
1212;
505;
122;
2568;
4387;
978;
1654;
1314;
3176;
458;
4339;
1735;
911;
3634;
1096;
1536;
3318;
4597;
4659;
1024;
4550;
76;
707;
155;
3910;
1122;
2228;
752;
675;
1244;
2389;
1126;
3513;
462;
4414;
2010;
3230;
915;
1828;
1898;
4086;
3488;
2805;
4107;
4032;
3380;
429;
1257;
4361;
3963;
631;
1444;
3236;
4256;
3072;
1098;
2053;
409;
1819;
44;
3898;
3514;
3525;
1494;
2319;
730;
2386;
1442;
3636;
3450;
3334;
1779;
4817;
1961;
777;
2513;
4434;
4056;
217;
4792;
5;
1800;
3009;
3936;
3371;
4881;
4693;
4991;
3863;
277;
1299;
1149;
4052;
3950;
1446;
3496;
241;
119;
674;
4524;
2955;
699;
4892;
296;
96;
2270;
4178;
133;
3344;
4065;
3774;
1291;
1909;
4037;
3253;
3512;
319;
247;
1915;
1437;
1938;
4459;
3744;
3969;
3954;
4670;
2059;
4480;
1475;
2572;
3023;
164;
77;
4825;
1406;
3874;
421;
2979;
3692;
1109;
1889;
3652;
643;
3137;
1555;
2023;
2108;
529;
1903;
4875;
2575;
501;
2810;
3205;
3041;
142;
3708;
4111;
1471;
4333;
2398;
4662;
1815;
3845;
3893;
338;
3107;
1587;
2523;
3826;
3689;
3993;
2491;
1267;
1008;
1194;
2302;
677;
257;
4997;
1339;
4891;
1783;
1325;
1150;
2850;
3932;
1875;
4293;
1624;
4405;
4787;
1451;
91;
851;
3030;
4287;
1748;
1508;
1140;
297;
2067;
1567;
3367;
2800;
2891;
520;
1597;
3844;
596;
3643;
2590;
1653;
3599;
3036;
3786;
4359;
634;
2799;
589;
1631;
4420;
1190;
1185;
852;
2032;
1418;
1673;
1311;
65;
3469;
2654;
4986;
871;
2803;
1663;
2969;
474;
3758;
278;
1039;
3852;
4618;
346;
144;
2773;
2645;
1103;
3649;
1863;
8;
3685;
3985;
2656;
683;
1409;
4913;
3411;
3122;
2101;
2991;
4973;
3429;
2879;
576;
1599;
2816;
4075;
2744;
895;
4868;
3964;
1515;
368;
1206;
1121;
184;
958;
116;
4743;
3269;
3357;
2232;
2094;
3406;
4389;
2646;
3239;
4261;
3738;
2514;
3386;
2423;
4288;
3544;
1598;
2446;
4882;
4177;
1558;
1993;
2607;
1468;
2469;
3806;
3278;
4044;
1266;
4594;
2390;
4003;
2779;
279;
3887;
1366;
3505;
3405;
1053;
2138;
954;
1489;
4467;
1259;
2153;
2802;
2454;
905;
4388;
4182;
2083;
1249;
1926;
968;
4873;
2904;
2293;
1056;
314;
617;
167;
1568;
1590;
227;
4605;
4000;
1638;
2714;
548;
3670;
1116;
2745;
1948;
11;
1563;
4622;
1864;
1661;
1488;
798;
3716;
473;
82;
1487;
981;
3822;
929;
2641;
4893;
456;
4465;
2144;
4015;
239;
3866;
3720;
1374;
4546;
605;
998;
4721;
2304;
2103;
4096;
1760;
2635;
4171;
2751;
976;
2126;
4190;
455;
566;
4317;
4428;
178;
902;
1551;
1962;
584;
3244;
952;
4928;
2412;
3296;
2707;
1560;
1816;
4260;
1341;
2178;
4828;
354;
2417;
3885;
2360;
3352;
2105;
1614;
2995;
869;
3495;
2642;
406;
1554;
794;
4612;
2586;
3332;
4909;
4397;
3637;
1611;
4157;
1330;
4533;
2162;
3000;
4076;
1336;
1071;
2071;
855;
3345;
3664;
3518;
4808;
1371;
2282;
3034;
4491;
1242;
2769;
4423;
52;
290;
4772;
4460;
703;
1667;
862;
1112;
464;
4935;
3972;
4918;
522;
3200;
410;
3931;
2837;
2781;
183;
4757;
402;
4450;
3941;
1887;
1758;
4269;
4264;
3194;
3663;
4829;
3836;
507;
1939;
2166;
2942;
755;
4542;
1293;
1804;
3559;
292;
3974;
1709;
4672;
1280;
2181;
2643;
3577;
2763;
1073;
1676;
1825;
1798;
78;
3106;
4813;
2200;
2905;
2131;
3595;
4914;
1015;
339;
2676;
2434;
939;
932;
31;
783;
1742;
2509;
1083;
3717;
2547;
2755;
2337;
3483;
811;
4773;
956;
1519;
1385;
4189;
655;
2241;
3532;
585;
1062;
2402;
2133;
1881;
3306;
868;
2765;
3490;
1770;
4320;
3908;
2093;
3892;
943;
2180;
3690;
3087;
3117;
1310;
2831;
1777;
4714;
1160;
1420;
3101;
1769;
4236;
2089;
3895;
4285;
2756;
2550;
244;
734;
2972;
1626;
564;
2684;
4776;
2343;
4854;
3192;
3770;
727;
2526;
4534;
3765;
4449;
4778;
4904;
3653;
2651;
1184;
3592;
3905;
1067;
1999;
340;
3772;
3987;
161;
4468;
4469;
3872;
2332;
1481;
2721;
4088;
2617;
1430;
2608;
2125;
4895;
1694;
3984;
833;
1571;
3896;
4382;
3869;
1214;
839;
2989;
2731;
3834;
1013;
320;
4843;
3642;
3769;
255;
2310;
3569;
327;
426;
3944;
1248;
749;
4907;
3658;
3078;
4629;
46;
3096;
2726;
2842;
3820;
2840;
551;
1245;
3270;
644;
4306;
223;
83;
2043;
2631;
3645;
4630;
1972;
3959;
2335;
2001;
883;
3722;
4969;
4733;
768;
1472;
1955;
2662;
4474;
2170;
2022;
2614;
2263;
907;
1564;
51;
1754;
1866;
1251;
108;
351;
1773;
4198;
3373;
1038;
2971;
4767;
4832;
2475;
4642;
148;
2081;
580;
2888;
4822;
778;
2356;
4784;
2320;
3114;
4845;
2229;
4196;
1065;
3315;
3601;
2602;
3468;
3729;
685;
134;
535;
579;
361;
3323;
3875;
3737;
3307;
1731;
2481;
2965;
3679;
3374;
2653;
2502;
797;
1407;
2158;
4436;
3187;
4785;
3097;
793;
1328;
3837;
4305;
1799;
3757;
3654;
2353;
1137;
3115;
1607;
1260;
2996;
1788;
3340;
3341;
1458;
3426;
559;
4683;
34;
1521;
1512;
4041;
3508;
508;
1370;
2542;
2124;
3840;
3339;
3149;
1459;
4592;
4710;
1997;
4774;
4830;
2595;
2077;
2738;
1761;
1368;
4855;
4764;
2957;
3723;
4866;
2733;
318;
2518;
3184;
3033;
4093;
4326;
1125;
1745;
4831;
2975;
4689;
3001;
193;
3771;
2949;
403;
3223;
4254;
2141;
2640;
1668;
4047;
137;
880;
4270;
3208;
3870;
1537;
3618;
4234;
1019;
3579;
4967;
2618;
1636;
1774;
4685;
2703;
4367;
708;
1787;
897;
2752;
3394;
1780;
2401;
1541;
3828;
1756;
1167;
4134;
4537;
1641;
848;
3743;
4688;
1030;
2917;
4167;
767;
737;
2230;
3438;
4493;
3069;
4686;
4525;
2136;
3067;
714;
2921;
1550;
3749;
3666;
4040;
1327;
2007;
1215;
3053;
4352;
4048;
574;
1728;
1531;
1954;
4239;
3560;
2852;
1490;
3281;
2406;
1942;
250;
3909;
1349;
3201;
3546;
4486;
358;
1924;
1570;
1944;
3949;
4606;
4539;
705;
3418;
638;
4723;
3992;
2649;
3214;
1546;
3530;
2478;
60;
1225;
1700;
3021;
3232;
2936;
3459;
4266;
4412;
2215;
3410;
3940;
3224;
4786;
3048;
4073;
1928;
2033;
3204;
2885;
4289;
4548;
955;
2075;
214;
2026;
1904;
3753;
4430;
2016;
961;
3662;
3186;
3556;
870;
232;
2354;
1141;
1982;
3062;
177;
3988;
1645;
4325;
2305;
3541;
4411;
2301;
3022;
4654;
1347;
4912;
3511;
1320;
1857;
695;
4879;
4929;
3630;
1959;
2588;
3379;
2792;
1977;
979;
4324;
2736;
4155;
1572;
3326;
2198;
715;
4106;
3375;
2522;
4509;
2400;
391;
2235;
4955;
4241;
3677;
3580;
1532;
3252;
4823;
3175;
4650;
3688;
4503;
2239;
4553;
4229;
4779;
1687;
3222;
3234;
32;
4578;
2060;
1892;
1350;
240;
3478;
1591;
260;
4610;
3275;
3904;
4079;
901;
4899;
4700;
4811;
1348;
369;
4869;
2336;
2225;
1143;
288;
1016;
1219;
2002;
4310;
3846;
4923;
2858;
2776;
878;
2280;
1258;
2422;
2209;
3116;
4130;
3596;
1012;
2947;
513;
1108;
4958;
3957;
796;
301;
1871;
1237;
3900;
3414;
1401;
22;
3233;
4601;
1322;
1559;
4302;
1173;
1208;
4765;
4590;
2111;
1750;
3928;
639;
1004;
537;
830;
150;
1665;
1042;
4011;
534;
2916;
2323;
3148;
2063;
236;
4347;
4001;
1797;
1832;
2218;
47;
2499;
1603;
1009;
3333;
1699;
3568;
2516;
2231;
374;
2485;
3781;
4557;
4799;
1651;
4275;
2457;
1060;
3510;
4209;
3120;
2592;
2768;
2539;
4720;
2934;
989;
3593;
1454;
668;
4977;
4701;
4442;
4566;
418;
1277;
4577;
4101;
1095;
982;
2070;
754;
2895;
4948;
3256;
2974;
2315;
3493;
441;
4203;
4884;
761;
4429;
4351;
540;
2963;
1307;
1730;
72;
4938;
1846;
4274;
4064;
3929;
3768;
3241;
2734;
3779;
2863;
2717;
1741;
1580;
3960;
1495;
2371;
1342;
3545;
6;
3302;
997;
4523;
3763;
3613;
610;
459;
657;
1602;
3054;
3121;
3402;
3317;
407;
104;
3280;
3207;
2288;
105;
1041;
1355;
4009;
4902;
2477;
252;
4439;
3243;
3858;
1998;
4362;
4380;
335;
3660;
1457;
1020;
2720;
642;
2739;
1301;
1644;
93;
1785;
1424;
1229;
494;
3432;
3147;
1262;
3925;
4340;
4461;
1438;
724;
4538;
4205;
112;
1169;
4257;
4777;
3517;
315;
3441;
4067;
140;
3948;
2924;
4709;
3455;
2251;
4690;
570;
4240;
4496;
2056;
154;
4970;
1403;
1427;
413;
1373;
2413;
4708;
578;
4381;
1205;
3005;
4658;
4272;
1165;
179;
3587;
822;
2511;
372;
2683;
3946;
2019;
131;
4105;
2688;
3434;
3264;
299;
2675;
753;
2573;
615;
1470;
4715;
2404;
228;
56;
599;
210;
1177;
2761;
425;
1827;
4513;
2247;
2636;
2859;
3100;
3082;
1922;
127;
2029;
2176;
493;
309;
3063;
1945;
630;
2834;
2650;
4999;
1684;
1517;
3515;
959;
3064;
2190;
3401;
3229;
1221;
408;
837;
1360;
1247;
691;
3705;
226;
432;
4950;
4663;
1375;
1701;
1622;
1321;
3055;
3997;
2447;
3359;
434;
1181;
1874;
1523;
1253;
445;
3427;
2853;
2031;
2150;
1935;
245;
1538;
1044;
2087;
304;
2946;
135;
4887;
2163;
1356;
1581;
624;
697;
4648;
1893;
1737;
1074;
3696;
4226;
844;
4319;
3076;
2793;
291;
1085;
3700;
991;
524;
1833;
4280;
2686;
3542;
3400;
1011;
543;
1228;
2377;
2331;
347;
3248;
1136;
3641;
4195;
3218;
2832;
3955;
854;
4951;
1154;
300;
4993;
2192;
3695;
3138;
970;
800;
4487;
2856;
2603;
1784;
4116;
4979;
4220;
990;
1970;
2877;
1231;
271;
336;
4094;
4647;
1023;
1147;
2869;
4197;
1127;
4327;
2472;
3263;
1290;
4249;
4531;
430;
3328;
3901;
4587;
4905;
4490;
3443;
792;
2844;
3130;
3730;
1474;
3174;
2517;
2760;
110;
4755;
3336;
1851;
2535;
694;
2204;
2958;
467;
3665;
4732;
2205;
504;
377;
3572;
816;
87;
1362;
3325;
815;
4738;
4791;
463;
3785;
919;
3519;
604;
4744;
652;
1836;
3565;
4569;
1089;
3043;
1865;
2358;
2647;
1386;
4500;
784;
1274;
2210;
974;
1723;
2409;
3693;
1715;
2722;
4136;
4286;
1500;
1794;
2515;
2625;
136;
4483;
2102;
1957;
2344;
475;
4039;
4054;
2574;
396;
4919;
1001;
4702;
0;
2012;
3125;
416;
2798;
4059;
1388;
3794;
138;
4682;
2085;
158;
4568;
2813;
141;
1389;
597;
3807;
1239;
1974;
2207;
3889;
2006;
3347;
3524;
2484;
2931;
2978;
746;
4619;
2142;
1625;
1171;
187;
3841;
1017;
3933;
2708;
916;
818;
2452;
4603;
461;
704;
2585;
1479;
632;
4228;
1384;
4876;
3586;
19;
1410;
4415;
2596;
770;
2534;
1315;
2258;
4481;
4521;
2999;
2116;
2973;
2130;
4556;
4940;
3129;
3819;
1123;
4374;
2295;
4410;
4613;
3907;
393;
2416;
2212;
3687;
3886;
2036;
1146;
3570;
1218;
468;
3430;
3915;
3273;
2808;
4947;
126;
2171;
900;
787;
1818;
4741;
3608;
3346;
2098;
4081;
712;
4846;
1617;
3714;
673;
189;
1525;
1272;
4403;
2866;
3588;
521;
2497;
3259;
2528;
1646;
1306;
2396;
199;
1574;
2620;
2313;
2960;
1932;
111;
3014;
995;
2606;
3408;
191;
4643;
415;
4637;
3811;
2558;
812;
2217;
259;
4115;
1721;
762;
3612;
1795;
568;
2693;
1387;
2264;
3167;
2783;
1849;
687;
2933;
2941;
3102;
962;
2954;
4354;
582;
2328;
2172;
2538;
3216;
4038;
1778;
448;
2455;
3830;
4749;
4971;
774;
4939;
899;
3382;
2260;
3436;
546;
4364;
4207;
3606;
2291;
2242;
1283;
4859;
1968;
1824;
3387;
3521;
545;
2970;
1544;
4472;
435;
3425;
3831;
889;
4946;
3627;
3015;
1543;
3912;
4497;
15;
370;
3824;
4128;
3558;
2554;
2570;
2303;
3939;
678;
1162;
4639;
3316;
1691;
3917;
4498;
2387;
2073;
2174;
696;
858;
2408;
2462;
3623;
159;
4132;
3499;
4739;
2436;
3342;
4611;
3839;
298;
3736;
885;
1876;
1093;
600;
2983;
2563;
485;
3745;
1759;
4007;
2775;
3356;
1097;
716;
1714;
847;
4636;
4858;
658;
891;
2835;
2442;
2250;
2692;
1713;
2584;
1888;
3725;
931;
4271;
2346;
3553;
106;
1540;
4943;
234;
2300;
3031;
3855;
1449;
914;
4263;
4221;
4223;
525;
1361;
1755;
4315;
4864;
3457;
1956;
1477;
1986;
3265;
2448;
2086;
4655;
443;
4961;
3103;
2;
1640;
776;
2907;
1634;
3250;
1063;
1823;
3254;
4842;
3454;
2864;
1048;
3183;
1862;
676;
3196;
1604;
1766;
2762;
2723;
2211;
2399;
2283;
2490;
1908;
4506;
2671;
490;
2365;
4728;
3761;
4183;
2562;
1204;
4087;
2815;
4224;
3042;
1685;
1886;
1455;
2597;
1465;
2066;
2362;
3667;
2426;
636;
920;
1894;
359;
1433;
1076;
4680;
1075;
1265;
2069;
4990;
4458;
3170;
451;
367;
1947;
2219;
3684;
2464;
2410;
360;
1996;
1776;
1058;
302;
3817;
321;
3947;
61;
3713;
2224;
941;
3549;
121;
1378;
75;
1719;
3620;
4021;
2911;
4549;
735;
3189;
3759;
1329;
1775;
3435;
1679;
876;
4321;
1100;
2221;
4214;
4586;
4311;
4259;
185;
1070;
1606;
3624;
3464;
2068;
4172;
3766;
2262;
4110;
1704;
3487;
4219;
4232;
2727;
4119;
2529;
2659;
1781;
766;
1222;
3004;
2786;
2090;
1176;
4149;
1682;
2167;
1270;
2696;
1504;
1594;
2394;
3476;
4768;
575;
3712;
641;
2913;
758;
3226;
1282;
4385;
4;
4910;
1250;
1670;
2340;
1967;
453;
2234;
2435;
3146;
1;
3881;
2500;
2384;
4348;
831;
1115;
4308;
457;
1081;
2746;
2051;
3526;
2871;
2691;
2118;
2582;
1677;
2772;
4706;
2918;
3073;
2306;
4391;
2839;
2285;
4627;
202;
3419;
4705;
664;
2159;
1086;
4150;
1817;
4788;
1031;
2311;
117;
2372;
1692;
3823;
4400;
1953;
3131;
2826;
4795;
2541;
1352;
872;
1210;
4406;
2240;
3701;
2902;
3951;
172;
355;
4883;
1216;
3393;
4215;
4696;
499;
4222;
4386;
1263;
1110;
3292;
4045;
55;
4142;
3433;
923;
1021;
4277;
1854;
4024;
2906;
256;
2914;
4824;
1434;
495;
2290;
2833;
4109;
1762;
2196;
324;
4125;
4233;
4398;
689;
938;
1605;
1429;
3291;
4673;
49;
3859;
992;
2164;
71;
2807;
1516;
2420;
2005;
436;
2884;
1331;
383;
3385;
874;
1716;
3814;
3421;
626;
4595;
4640;
2369;
2945;
1628;
4427;
3169;
2316;
934;
470;
1671;
2025;
1046;
4780;
289;
230;
1743;
3748;
1425;
747;
2119;
611;
2100;
4140;
312;
2782;
984;
627;
2899;
720;
2824;
2735;
4248;
1835;
2737;
3808;
3480;
3647;
3527;
4992;
3413;
2460;
4818;
1072;
2201;
2589;
323;
54;
1929;
4668;
3962;
1971;
3165;
3161;
3589;
1666;
4988;
4376;
3446;
1790;
3322;
3202;
3190;
3629;
924;
3986;
3276;
4349;
4072;
4173;
654;
662;
4390;
2925;
97;
1335;
2375;
4053;
1273;
2712;
1104;
316;
4933;
828;
3952;
1090;
3139;
3257;
310;
3140;
3821;
3360;
3727;
2968;
1941;
4687;
3381;
3158;
3415;
3178;
709;
1585;
2533;
4433;
4916;
213;
1782;
802;
2385;
2962;
1156;
2787;
2633;
3562;
3298;
1298;
1379;
3217;
2003;
3017;
3605;
3237;
412;
2028;
1106;
311;
4092;
2268;
1026;
3330;
2537;
2135;
671;
1736;
2716;
4368;
4435;
4118;
3481;
208;
4841;
4156;
3163;
791;
1576;
4476;
4230;
1733;
2015;
966;
3448;
3477;
1822;
120;
253;
3179;
1099;
395;
922;
3311;
2286;
1542;
2233;
2079;
36;
478;
2392;
1211;
2503;
927;
215;
4378;
1988;
4726;
1530;
733;
4395;
2441;
397;
3112;
1485;
205;
834;
789;
4185;
2237;
2982;
4029;
1872;
1635;
2785;
3777;
2648;
69;
790;
1461;
1914;
2938;
3571;
1698;
1014;
4267;
3930;
827;
3377;
2531;
2627;
3354;
4981;
3604;
4034;
3880;
4937;
2629;
2506;
3168;
3784;
829;
2473;
4536;
3999;
1198;
877;
1549;
4463;
342;
2139;
701;
3310;
896;
1435;
3788;
317;
497;
2740;
2581;
498;
4265;
539;
3046;
1907;
706;
4901;
2450;
4336;
2121;
4188;
601;
1233;
4186;
2367;
2483;
2944;
606;
2127;
3489;
4062;
3219;
2770;
4184;
2577;
4558;
1158;
27;
1901;
188;
1343;
1483;
4583;
3016;
2950;
1079;
4057;
2821;
1367;
1789;
466;
1326;
1920;
2265;
1834;
4152;
4694;
3597;
4151;
2095;
1007;
1209;
103;
4314;
70;
1372;
222;
3868;
4966;
2743;
3094;
4273;
276;
1399;
3703;
3143;
2314;
1195;
719;
1642;
3154;
2244;
4161;
334;
3903;
4153;
4572;
1686;
3873;
1885;
4301;
1049;
4941;
2875;
3942;
24;
4393;
4532;
405;
4058;
3682;
894;
2561;
3293;
371;
3479;
1529;
40;
4338;
3267;
832;
2857;
935;
2405;
3734;
3111;
419;
4582;
764;
1207;
2685;
3865;
3750;
4814;
4242;
759;
4519;
519;
268;
380;
4456;
4889;
3956;
3299;
4489;
62;
4159;
4974;
669;
2698;
3502;
3555;
2227;
95;
3308;
3491;
4332;
3135;
1436;
1526;
3561;
422;
3305;
1338;
4604;
4120;
1164;
4661;
2097;
3998;
1791;
1669;
4547;
3832;
446;
2567;
4135;
206;
2825;
2876;
4782;
100;
2926;
2357;
2393;
1170;
4181;
1936;
3497;
4244;
30;
1447;
3361;
3923;
646;
4697;
2349;
2544;
2994;
1697;
2655;
1548;
3453;
1965;
1883;
170;
3255;
2330;
4850;
267;
2992;
1197;
4346;
2632;
438;
3644;
1811;
1040;
328;
2309;
3235;
940;
2193;
3816;
74;
4253;
3471;
3132;
4225;
3195;
4763;
3;
125;
1809;
4121;
3215;
428;
2540;
3980;
4540;
2504;
2613;
3295;
3090;
2203;
2186;
4360;
4717;
4334;
63;
3648;
2403;
2997;
2432;
3392;
4809;
593;
3882;
1161;
977;
3847;
2868;
3113;
265;
863;
3199;
4865;
2480;
2543;
284;
3773;
4046;
1443;
558;
4166;
2080;
1610;
619;
3198;
4851;
433;
4131;
345;
3691;
194;
1268;
4562;
4719;
2299;
4797;
3616;
4998;
3173;
3574;
496;
3610;
1223;
1601;
819;
2758;
2418;
3320;
618;
3966;
2986;
736;
988;
1643;
375;
2456;
2076;
1068;
565;
1582;
4962;
523;
577;
825;
4964;
2987;
1213;
4295;
3358;
1566;
89;
2024;
500;
2175;
2030;
444;
4373;
2054;
2638;
3329;
1243;
1188;
2140;
1130;
1514;
4927;
2849;
2862;
2897;
1426;
3756;
2549;
2557;
2546;
404;
3003;
4625;
3638;
2524;
3668;
3698;
4748;
261;
1717;
488;
102;
4857;
1734;
480;
1632;
4299;
4504;
4478;
4448;
1675;
3422;
1507;
1118;
1394;
224;
875;
1840;
1006;
53;
1439;
3369;
1416;
3715;
1312;
26;
1377;
2381;
4331;
1364;
4008;
349;
180;
2637;
1524;
739;
682;
3671;
1946;
3445;
4425;
3288;
2047;
450;
1802;
775;
4095;
1925;
1383;
3550;
3065;
4800;
3854;
4123;
4307;
2829;
4834;
806;
3466;
4745;
741;
2220;
1595;
2326;
3052;
149;
2704;
1200;
3372;
4885;
4894;
772;
1847;
1738;
612;
2804;
1159;
1303;
4113;
3105;
2767;
1236;
1978;
846;
3877;
4104;
4255;
118;
588;
3751;
2194;
2114;
4641;
2587;
1131;
3437;
1706;
1486;
937;
3891;
1172;
4871;
740;
1910;
4022;
1705;
4399;
1744;
151;
2498;
609;
449;
4082;
113;
917;
4607;
3343;
1092;
2788;
3348;
1317;
1702;
1664;
1334;
773;
4401;
1768;
2341;
1480;
946;
3155;
357;
1496;
3144;
2312;
1217;
4930;
1351;
1035;
549;
2439;
1354;
3384;
836;
3926;
4796;
162;
1561;
3451;
2011;
840;
1813;
1398;
4187;
690;
2912;
4742;
1456;
3431;
2702;
2397;
2486;
850;
4995;
221;
921;
1305;
3994;
3470;
1891;
2878;
4091;
1952;
3968;
4160;
4268;
1413;
1831;
176;
4424;
3290;
857;
3010;
3585;
3981;
4127;
1037;
2753;
2273;
1659;
2407;
1958;
1879;
169;
12;
2706;
1843;
68;
1718;
2216;
681;
4031;
2266;
2041;
3726;
1397;
4283;
4445;
3037;
3635;
2571;
229;
123;
192;
3211;
2682;
1357;
640;
4309;
2287;
4848;
3795;
1061;
4071;
2886;
2583;
3368;
4006;
2927;
2867;
3376;
3529;
35;
2294;
2663;
2238;
2668;
1132;
1657;
3531;
1991;
424;
933;
1693;
4761;
3860;
1005;
57;
174;
2724;
2677;
1681;
3472;
4344;
4675;
2555;
4804;
4372;
4179;
1502;
3778;
4318;
4896;
303;
28;
1396;
1979;
744;
2830;
1313;
4628;
442;
1505;
3145;
621;
4457;
4078;
951;
567;
4579;
859;
1821;
563;
3704;
2836;
1252;
3118;
3494;
949;
2928;
4985;
4138;
4718;
3721;
1930;
786;
1803;
2492;
1187;
2493;
1069;
4560;
2246;
1034;
1985;
1168;
1240;
2074;
2559;
4026;
2322;
4043;
1124;
2865;
2801;
583;
4840;
3615;
3697;
3656;
2355;
3706;
953;
1186;
3659;
1569;
2382;
1309;
4204;
1509;
2046;
2038;
993;
4025;
1414;
1323;
1940;
2495;
835;
4844;
2096;
1408;
1417;
996;
3220;
607;
4471;
2157;
2252;
1235;
2872;
33;
1078;
3160;
666;
1469;
4432;
2616;
4801;
3458;
1757;
2351;
1725;
3251;
3602;
3294;
1984;
329;
2195;
1224;
1032;
1792;
807;
146;
2874;
780;
3796;
514;
254;
817;
2605;
1421;
3309;
864;
1285;
4740;
379;
204;
3128;
4853;
4827;
2658;
1878;
3110;
3008;
2065;
3995;
3801;
3081;
3883;
1003;
3764;
1820;
1202;
165;
2092;
2604;
440;
2847;
879;
2317;
983;
2845;
2818;
1990;
3077;
4147;
1806;
2846;
1193;
2812;
2249;
680;
4251;
3989;
59;
3838;
760;
1732;
4164;
4722;
3297;
4216;
3319;
3338;
4124;
2887;
4932;
918;
3683;
3011;
94;
4451;
2639;
1724;
1796;
3813;
2532;
1577;
838;
2348;
4371;
378;
986;
4931;
2297;
4580;
14;
1201;
197;
3475;
3093;
2817;
3074;
3417;
1511;
3646;
2366;
3918;
3675;
2694;
4968;
738;
2155;
629;
633;
1662;
3739;
73;
2214;
1022;
16;
4343;
2988;
2750;
489;
2935;
4375;
2661;
820;
3056;
4051;
541;
3520;
1102;
649;
2630;
3098;
1151;
4596;
306;
3878;
2120;
2298;
1278;
4660;
1578;
1422;
2113;
898;
1482;
1390;
2147;
1913;
743;
3982;
3906;
4208;
273;
1896;
381;
1113;
3810;
4097;
3983;
814;
1620;
3537;
1867;
3943;
37;
3002;
2321;
3409;
4402;
581;
3775;
1764;
163;
2923;
4422;
4237;
4812;
3755;
2966;
1906;
3543;
4638;
3044;
608;
4725;
129;
4839;
821;
4838;
1411;
745;
1533;
1963;
2374;
4133;
2064;
175;
286;
477;
628;
3633;
3548;
2896;
3013;
948;
4464;
3651;
3027;
1246;
808;
4989;
2882;
4963;
1975;
2622;
1175;
3412;
2459;
3404;
942;
107;
2681;
4600;
2937;
3557;
1859;
1553;
1445;
4394;
4957;
390;
4626;
506;
4495;
2797;
4541;
4366;
4890;
964;
4377;
3006;
4712;
1010;
960;
4530;
4759;
4771;
1690;
4020;
1830;
3378;
313;
3092;
4144;
2990;
3655;
729;
4758;
2855;
4108;
884;
4452;
860;
3240;
757;
4681;
2363;
1462;
2440;
1707;
1180;
2256;
4218;
2951;
2796;
4994;
4426;
2667;
3156;
4515;
1934;
1522;
542;
198;
7;
4646;
2045;
4169;
1025;
13;
1091;
804;
1637;
1912;
2611;
569;
530;
801;
156;
4281;
1094;
2327;
723;
4897;
2695;
2894;
2040;
2903;
2072;
4512;
1369;
3818;
2678;
79;
364;
1911;
1256;
4488;
4158;
4645;
635;
3492;
2430;
3313;
3789;
769;
936;
2998;
3782;
4443;
3924;
4571;
3551;
3206;
2967;
4297;
2185;
4545;
3212;
3172;
4634;
2078;
3134;
1308;
4921;
1139;
867;
3337;
1363;
3609;
3058;
2976;
4847;
2206;
2391;
3800;
4762;
1297;
3028;
4416;
1478;
2873;
3089;
3025;
2959;
3953;
3780;
2429;
2107;
1453;
3193;
3879;
4312;
4431;
1842;
3126;
3741;
3919;
2893;
132;
4085;
1882;
3166;
670;
2243;
4679;
3864;
3598;
3710;
2591;
2777;
4552;
2179;
3460;
1232;
4867;
511;
243;
3657;
1220;
270;
4942;
3282;
263;
1415;
1047;
4747;
21;
2427;
4984;
3312;
2188;
3632;
4692;
4529;
3159;
3547;
1318;
2784;
1054;
1359;
4099;
2329;
2084;
3482;
3991;
1989;
1423;
532;
4602;
3760;
201;
3084;
1810;
4987;
4258;
2052;
3812;
4816;
3793;
1134;
2110;
3539;
732;
2670;
1969;
1114;
385;
3639;
3238;
2276;
1618;
1680;
2112;
4303;
3792;
4365;
1612;
2253;
1057;
763;
219;
3680;
1976;
2619;
1927;
4926;
4446;
4657;
2811;
4193;
2920;
